event_id,event_start,event_end,duration_hours,wet_hours,total_areal_rainfall_mm,total_localmax_rainfall_mm,peak_areal_hourly_mm,peak_localmax_hourly_mm,duration_class,rainfall_magnitude_class,magnitude_threshold_note,response_lag_hours,window_hours_with_lag,mean_event_quality_score,median_event_quality_score,mean_observed_fraction,mean_max_missing_gap_hours,mean_flat_step_rate,mean_diff_spike_rate,low_dynamic_sensor_fraction_1cm,low_dynamic_sensor_fraction_3cm,low_dynamic_sensor_fraction_5cm
E001,2021-08-11 15:00:00,2021-08-11 23:00:00,9,6,8.149999999999999,38.2,3.125,21.8,medium 3-12 h,moderate Q50-Q80,Q50=3.36 mm; Q80=13.81 mm; Q95=65.46 mm,6,14.083333333333334,69.31261265182793,83.71693351896973,0.6241294444153532,5.250737463126844,0.21356194824088576,0.20358133455604566,0.02654867256637168,0.02654867256637168,0.05309734513274336
E002,2021-08-12 14:00:00,2021-08-12 16:00:00,3,3,8.612499999999999,32.3,5.5,16.0,short <=3 h,moderate Q50-Q80,Q50=3.36 mm; Q80=13.81 mm; Q95=65.46 mm,6,8.083333333333334,69.75477126606806,85.01050420168067,0.6293221421403158,2.9941002949852504,0.2314209043007113,0.19004093697555138,0.017699115044247787,0.07079646017699115,0.08849557522123894
E003,2021-08-12 21:00:00,2021-08-13 02:00:00,6,5,0.35000000000000003,1.7000000000000002,0.2375,1.3,medium 3-12 h,low <=Q50,Q50=3.36 mm; Q80=13.81 mm; Q95=65.46 mm,6,11.083333333333334,70.69270427769193,83.43519225872168,0.641958879499634,3.946165191740413,0.2748586867743086,0.14941512811255497,0.035398230088495575,0.061946902654867256,0.07079646017699115
E004,2021-08-13 14:00:00,2021-08-13 16:00:00,3,3,0.5875,2.8000000000000003,0.475,2.2,short <=3 h,low <=Q50,Q50=3.36 mm; Q80=13.81 mm; Q95=65.46 mm,6,8.083333333333334,73.27091489707998,86.71568627450982,0.6732049995438372,2.6349557522123894,0.3055355890402981,0.10544765019503381,0.035398230088495575,0.07964601769911504,0.13274336283185842
E005,2021-08-17 14:00:00,2021-08-17 23:00:00,10,10,7.025,16.3,2.1125,4.3,medium 3-12 h,moderate Q50-Q80,Q50=3.36 mm; Q80=13.81 mm; Q95=65.46 mm,6,15.083333333333334,72.88726829999428,85.53338462456807,0.6897765608957122,4.651917404129793,0.34380648752366083,0.12867019481082903,0.02654867256637168,0.05309734513274336,0.07964601769911504
E006,2021-08-18 04:00:00,2021-08-19 09:00:00,30,20,31.212500000000002,119.19999999999999,14.075,41.3,long >12 h,high Q80-Q95,Q50=3.36 mm; Q80=13.81 mm; Q95=65.46 mm,6,35.083333333333336,71.776298703578,83.8048638178066,0.6909591575053077,10.599557522123893,0.30354513763532126,0.15420892398995564,0.017699115044247787,0.02654867256637168,0.035398230088495575
E007,2021-08-19 20:00:00,2021-08-20 03:00:00,8,6,4.225,18.299999999999997,3.15,13.7,medium 3-12 h,moderate Q50-Q80,Q50=3.36 mm; Q80=13.81 mm; Q95=65.46 mm,6,13.083333333333334,74.04563109576297,87.0059771493699,0.6888563215151344,4.044985250737463,0.27713064260919046,0.11836603137125205,0.04424778761061947,0.08849557522123894,0.11504424778761062
E009,2021-08-21 14:00:00,2021-08-21 18:00:00,5,5,1.4625,5.299999999999999,1.15,3.9,medium 3-12 h,low <=Q50,Q50=3.36 mm; Q80=13.81 mm; Q95=65.46 mm,6,10.083333333333334,73.76615623087949,87.48848732356156,0.6821472975937981,3.1769911504424777,0.3317401029434403,0.08888332280707537,0.04424778761061947,0.1504424778761062,0.18584070796460178
E012,2021-08-23 15:00:00,2021-08-23 17:00:00,3,3,5.1125,16.2,3.75,9.7,short <=3 h,moderate Q50-Q80,Q50=3.36 mm; Q80=13.81 mm; Q95=65.46 mm,6,8.083333333333334,73.57902842116614,84.91551979218926,0.7139859501870268,2.306784660766962,0.2302540893892508,0.17994797207415297,0.04424778761061947,0.061946902654867256,0.07964601769911504
E014,2021-08-31 10:00:00,2021-08-31 10:00:00,1,1,0.2,1.6,0.2,1.6,short <=3 h,low <=Q50,Q50=3.36 mm; Q80=13.81 mm; Q95=65.46 mm,6,6.083333333333333,74.96485753097053,86.00840336134455,0.7302703357982785,1.6165191740412979,0.24236204233467668,0.1919246539752976,0.061946902654867256,0.12389380530973451,0.1504424778761062
E015,2021-08-31 17:00:00,2021-09-01 08:00:00,16,12,2.5125,14.7,0.8999999999999999,4.6,long >12 h,low <=Q50,Q50=3.36 mm; Q80=13.81 mm; Q95=65.46 mm,6,21.083333333333332,80.00713558111465,86.33853541416566,0.8191961943404805,3.602507374631268,0.33365923724684976,0.10271916718659142,0.07079646017699115,0.10619469026548672,0.1504424778761062
E016,2021-09-03 17:00:00,2021-09-03 17:00:00,1,1,0.3625,2.9,0.3625,2.9,short <=3 h,low <=Q50,Q50=3.36 mm; Q80=13.81 mm; Q95=65.46 mm,6,6.083333333333333,84.91454074727187,91.17647058823529,0.8796217723360408,0.7146017699115044,0.3941047978870149,0.08194617275935243,0.13274336283185842,0.3008849557522124,0.39823008849557523
E017,2021-09-11 19:00:00,2021-09-12 10:00:00,16,14,1.0875,4.5,0.4375,1.2,long >12 h,low <=Q50,Q50=3.36 mm; Q80=13.81 mm; Q95=65.46 mm,6,21.083333333333332,85.67076607743343,90.15606242496999,0.8911469446290531,2.1659292035398225,0.39918422884799903,0.07132663324743756,0.08849557522123894,0.1415929203539823,0.26548672566371684
E018,2021-09-13 10:00:00,2021-09-13 10:00:00,1,1,0.3125,2.5,0.3125,2.5,short <=3 h,low <=Q50,Q50=3.36 mm; Q80=13.81 mm; Q95=65.46 mm,6,6.083333333333333,85.33435020319598,90.12605042016807,0.8819250818281005,0.6865781710914453,0.39282002305109404,0.06246430334518884,0.1504424778761062,0.30973451327433627,0.4424778761061947
E020,2021-09-14 21:00:00,2021-09-15 00:00:00,4,2,0.8625,6.9,0.475,3.8,medium 3-12 h,low <=Q50,Q50=3.36 mm; Q80=13.81 mm; Q95=65.46 mm,6,9.083333333333334,85.47733643692605,89.41176470588236,0.9016806040431923,0.881268436578171,0.37638036991854473,0.08826407139216864,0.08849557522123894,0.1415929203539823,0.25663716814159293
E021,2021-09-15 19:00:00,2021-09-16 07:00:00,13,9,31.4625,101.5,13.6,30.6,long >12 h,high Q80-Q95,Q50=3.36 mm; Q80=13.81 mm; Q95=65.46 mm,6,18.083333333333332,82.56475685365635,85.93837535014005,0.8994331389421312,1.7013274336283186,0.25837815666358815,0.17927448899542756,0.02654867256637168,0.04424778761061947,0.05309734513274336
E024,2021-09-18 00:00:00,2021-09-18 06:00:00,7,5,2.3,15.6,0.975,6.9,medium 3-12 h,low <=Q50,Q50=3.36 mm; Q80=13.81 mm; Q95=65.46 mm,6,12.083333333333334,82.15865454294101,85.59808008083868,0.8920964296612757,1.218289085545723,0.25761974411658267,0.18525913891657492,0.035398230088495575,0.07079646017699115,0.08849557522123894
E025,2021-09-20 21:00:00,2021-09-21 00:00:00,4,4,4.6625,15.4,3.0,8.0,medium 3-12 h,moderate Q50-Q80,Q50=3.36 mm; Q80=13.81 mm; Q95=65.46 mm,6,9.083333333333334,83.73929391818425,89.41176470588236,0.8810586993586101,1.0589970501474928,0.3337378511096899,0.1164598215303472,0.07079646017699115,0.10619469026548672,0.18584070796460178
E026,2021-09-21 21:00:00,2021-09-21 22:00:00,2,2,1.3125,10.5,1.1875,9.5,short <=3 h,low <=Q50,Q50=3.36 mm; Q80=13.81 mm; Q95=65.46 mm,6,7.083333333333333,85.39627342655105,89.52545724172022,0.8849557522123894,0.8148967551622418,0.392181860853415,0.07336723160068652,0.10619469026548672,0.1592920353982301,0.26548672566371684
E027,2021-09-22 16:00:00,2021-09-22 23:00:00,8,5,8.0125,41.0,4.7125,23.7,medium 3-12 h,moderate Q50-Q80,Q50=3.36 mm; Q80=13.81 mm; Q95=65.46 mm,6,13.083333333333334,85.07923698589929,86.18616677440207,0.9445916239219886,0.7079646017699115,0.2509498051676779,0.18977272256451383,0.05309734513274336,0.061946902654867256,0.07964601769911504
E028,2021-09-23 14:00:00,2021-09-24 01:00:00,12,12,3.975,18.7,1.2875,8.7,medium 3-12 h,moderate Q50-Q80,Q50=3.36 mm; Q80=13.81 mm; Q95=65.46 mm,6,17.083333333333332,86.94681529205246,89.41176470588236,0.9431469889920137,0.9188790560471978,0.29724490277563187,0.11142039760216178,0.061946902654867256,0.08849557522123894,0.1415929203539823
E030,2021-09-30 17:00:00,2021-10-01 01:00:00,9,9,2.2999999999999994,6.6000000000000005,1.2374999999999998,3.3,medium 3-12 h,low <=Q50,Q50=3.36 mm; Q80=13.81 mm; Q95=65.46 mm,6,14.083333333333334,87.82070708276721,90.80632252901161,0.9377912761166676,0.8296460176991151,0.3745258725417494,0.06608406802003546,0.07079646017699115,0.12389380530973451,0.23008849557522124
E034,2021-10-06 16:00:00,2021-10-07 01:00:00,10,6,0.55,2.6,0.3375,1.5,medium 3-12 h,low <=Q50,Q50=3.36 mm; Q80=13.81 mm; Q95=65.46 mm,6,15.083333333333334,87.5537068701338,91.1671335200747,0.9311592431428153,1.0117994100294987,0.39105199236914967,0.06359939744107747,0.07079646017699115,0.13274336283185842,0.21238938053097345
E035,2021-10-07 09:00:00,2021-10-09 13:00:00,53,44,12.875,53.49999999999999,3.7625,7.1,long >12 h,moderate Q50-Q80,Q50=3.36 mm; Q80=13.81 mm; Q95=65.46 mm,6,58.083333333333336,86.54694523382436,89.39186778640723,0.9327078122420994,3.0376106194690267,0.3418517641740364,0.09568948915634881,0.017699115044247787,0.04424778761061947,0.07079646017699115
E037,2021-10-10 13:00:00,2021-10-10 22:00:00,10,7,0.85,5.9,0.5,3.5,medium 3-12 h,low <=Q50,Q50=3.36 mm; Q80=13.81 mm; Q95=65.46 mm,6,15.083333333333334,87.34980472490498,90.2209772798008,0.9339461203735394,0.9756637168141594,0.302367837212965,0.10113986772892629,0.07964601769911504,0.11504424778761062,0.20353982300884957
E039,2021-10-12 01:00:00,2021-10-12 16:00:00,16,15,2.45,8.5,0.5,1.6,long >12 h,low <=Q50,Q50=3.36 mm; Q80=13.81 mm; Q95=65.46 mm,6,21.083333333333332,86.80286048831387,89.34145463191865,0.9314771415579419,1.2721238938053097,0.30888118974885875,0.10621756594818675,0.061946902654867256,0.11504424778761062,0.18584070796460178
E040,2021-10-12 23:00:00,2021-10-15 07:00:00,57,48,13.462499999999999,48.6,1.2,4.8,long >12 h,moderate Q50-Q80,Q50=3.36 mm; Q80=13.81 mm; Q95=65.46 mm,6,62.083333333333336,86.71110359745097,89.02894491129786,0.9283601591732493,3.126106194690266,0.24968675398819093,0.1328678053425109,0.05309734513274336,0.061946902654867256,0.08849557522123894
E042,2021-10-21 00:00:00,2021-10-22 12:00:00,37,36,12.487499999999997,32.800000000000004,1.3875000000000002,4.4,long >12 h,moderate Q50-Q80,Q50=3.36 mm; Q80=13.81 mm; Q95=65.46 mm,6,42.083333333333336,86.09329408346686,89.20209668025628,0.9307631648120565,2.28834808259587,0.28792028093528826,0.12011468691329245,0.05309734513274336,0.07964601769911504,0.11504424778761062
E044,2021-10-23 17:00:00,2021-10-24 00:00:00,8,7,2.1999999999999997,5.5,0.6499999999999999,1.4,medium 3-12 h,low <=Q50,Q50=3.36 mm; Q80=13.81 mm; Q95=65.46 mm,6,13.083333333333334,85.87141564160439,88.28557063851183,0.9233977791556283,0.890117994100295,0.31077612151801465,0.10962963931985376,0.09734513274336283,0.12389380530973451,0.18584070796460178
E049,2021-10-30 00:00:00,2021-10-30 09:00:00,10,9,0.75,2.1,0.25,0.6,medium 3-12 h,low <=Q50,Q50=3.36 mm; Q80=13.81 mm; Q95=65.46 mm,6,15.083333333333334,86.20340739713124,89.41176470588236,0.933506087126583,0.8724188790560473,0.3572013264839909,0.0925252475830474,0.07964601769911504,0.09734513274336283,0.168141592920354
E051,2021-11-01 07:00:00,2021-11-01 14:00:00,8,7,0.8,3.0999999999999996,0.3625,1.7,medium 3-12 h,low <=Q50,Q50=3.36 mm; Q80=13.81 mm; Q95=65.46 mm,6,13.083333333333334,86.50078213834522,89.41176470588236,0.924299644890367,0.9867256637168141,0.3375034890852919,0.07828398393280606,0.10619469026548672,0.1592920353982301,0.23893805309734514
E054,2021-11-04 07:00:00,2021-11-05 08:00:00,26,21,13.812500000000002,24.900000000000002,3.2625,4.5,long >12 h,moderate Q50-Q80,Q50=3.36 mm; Q80=13.81 mm; Q95=65.46 mm,6,31.083333333333332,85.14905223262771,86.40813590548835,0.9307694132719638,1.8407079646017699,0.28655887426841,0.140052875808494,0.061946902654867256,0.061946902654867256,0.07964601769911504
E056,2021-11-06 08:00:00,2021-11-06 23:00:00,16,12,1.8375000000000001,5.6000000000000005,0.4,1.3,long >12 h,low <=Q50,Q50=3.36 mm; Q80=13.81 mm; Q95=65.46 mm,6,21.083333333333332,87.41005811530145,90.31834956204705,0.9302179159816714,1.4181415929203538,0.33478813241165734,0.0917332706263158,0.07079646017699115,0.08849557522123894,0.1504424778761062
E058,2021-11-07 19:00:00,2021-11-08 09:00:00,15,14,7.1125,16.700000000000003,1.5125,3.5,long >12 h,moderate Q50-Q80,Q50=3.36 mm; Q80=13.81 mm; Q95=65.46 mm,6,20.083333333333332,86.07424196880628,88.69576106291636,0.9192156574743877,1.4210914454277284,0.28700580101546624,0.11346698601078718,0.061946902654867256,0.11504424778761062,0.1504424778761062
E060,2021-11-16 16:00:00,2021-11-16 20:00:00,5,5,3.225,5.499999999999999,1.725,2.5,medium 3-12 h,low <=Q50,Q50=3.36 mm; Q80=13.81 mm; Q95=65.46 mm,6,10.083333333333334,87.61909553712076,89.41176470588236,0.9447816865355079,0.53023598820059,0.2929081868183312,0.11190608436447193,0.061946902654867256,0.11504424778761062,0.18584070796460178
E061,2021-11-17 01:00:00,2021-11-18 02:00:00,26,22,2.5500000000000003,6.599999999999999,0.5625,0.9,long >12 h,low <=Q50,Q50=3.36 mm; Q80=13.81 mm; Q95=65.46 mm,6,31.083333333333332,87.00180984334767,89.50935212794795,0.9409950414007449,1.5420353982300885,0.3354516039171313,0.09008386549328777,0.061946902654867256,0.08849557522123894,0.168141592920354
E063,2021-11-22 04:00:00,2021-11-23 08:00:00,29,24,27.287499999999998,63.2,4.4375,10.3,long >12 h,high Q80-Q95,Q50=3.36 mm; Q80=13.81 mm; Q95=65.46 mm,6,34.083333333333336,85.28805720629268,86.41593892458944,0.9393513209425104,1.5833333333333335,0.243471830044337,0.17155194566638926,0.02654867256637168,0.02654867256637168,0.035398230088495575
E069,2021-12-17 08:00:00,2021-12-17 13:00:00,6,6,0.28750000000000003,2.1,0.1,0.8,medium 3-12 h,low <=Q50,Q50=3.36 mm; Q80=13.81 mm; Q95=65.46 mm,6,11.083333333333334,90.37778211279706,92.0550038197097,0.9787078315257169,0.21460176991150443,0.390863604696645,0.05597661617079092,0.10619469026548672,0.23893805309734514,0.30973451327433627
E070,2021-12-20 13:00:00,2021-12-22 07:00:00,43,40,54.4625,80.39999999999999,9.6,12.4,long >12 h,high Q80-Q95,Q50=3.36 mm; Q80=13.81 mm; Q95=65.46 mm,6,48.083333333333336,87.34685427559904,89.0775754746343,0.9783899019953681,0.5250737463126844,0.2727246749105745,0.1428559688813474,0.02654867256637168,0.02654867256637168,0.02654867256637168
E071,2021-12-23 12:00:00,2021-12-23 17:00:00,6,6,1.7500000000000002,4.0,0.675,1.4,medium 3-12 h,low <=Q50,Q50=3.36 mm; Q80=13.81 mm; Q95=65.46 mm,6,11.083333333333334,89.94038682294789,90.1663695781343,0.9735844034865926,0.2853982300884956,0.2605737683572775,0.12424436742900606,0.035398230088495575,0.07964601769911504,0.1415929203539823
E077,2022-01-05 05:00:00,2022-01-05 15:00:00,11,11,11.1625,28.9,2.4125,6.9,medium 3-12 h,moderate Q50-Q80,Q50=3.36 mm; Q80=13.81 mm; Q95=65.46 mm,6,16.083333333333332,60.014139104649686,35.294117647058826,0.46113989637305697,8.62315634218289,0.2646867064342091,0.16826296067262742,0.02654867256637168,0.02654867256637168,0.035398230088495575
E081,2022-01-11 07:00:00,2022-01-11 11:00:00,5,5,0.9874999999999999,2.8,0.375,1.0,medium 3-12 h,low <=Q50,Q50=3.36 mm; Q80=13.81 mm; Q95=65.46 mm,6,10.083333333333334,89.48700898667059,91.59663865546219,0.9624076647407299,0.36504424778761063,0.35077543140232775,0.06697817805834032,0.07079646017699115,0.19469026548672566,0.30973451327433627
E082,2022-01-16 08:00:00,2022-01-16 23:00:00,16,12,2.7875,6.5,0.75,1.1,long >12 h,low <=Q50,Q50=3.36 mm; Q80=13.81 mm; Q95=65.46 mm,6,21.083333333333332,89.78349471886833,90.36725801431685,0.9694288012872084,0.5294985250737463,0.3696457295367371,0.07301378102438125,0.05309734513274336,0.10619469026548672,0.23008849557522124
E086,2022-01-20 20:00:00,2022-01-21 10:00:00,15,13,0.7,2.7000000000000006,0.2124999999999999,0.6,long >12 h,low <=Q50,Q50=3.36 mm; Q80=13.81 mm; Q95=65.46 mm,6,20.083333333333332,88.94029197751148,89.41176470588236,0.9656666544266147,0.5604719764011798,0.3589773815456771,0.1008472826698488,0.07964601769911504,0.1504424778761062,0.19469026548672566
E087,2022-01-22 02:00:00,2022-01-23 04:00:00,27,24,16.887499999999996,24.800000000000004,3.0,3.3,long >12 h,high Q80-Q95,Q50=3.36 mm; Q80=13.81 mm; Q95=65.46 mm,6,32.083333333333336,86.37578498576775,86.72365497923309,0.9570853924836227,0.9343657817109146,0.2867991927998616,0.14738527920521152,0.04424778761061947,0.04424778761061947,0.05309734513274336
E099,2022-01-30 04:00:00,2022-01-30 14:00:00,11,9,1.2249999999999999,3.1000000000000005,0.55,0.7,medium 3-12 h,low <=Q50,Q50=3.36 mm; Q80=13.81 mm; Q95=65.46 mm,6,16.083333333333332,88.47307362144278,89.41176470588236,0.971342106469806,0.3974926253687316,0.3935775790432586,0.10021283158055029,0.07964601769911504,0.12389380530973451,0.22123893805309736
E100,2022-01-31 18:00:00,2022-02-04 07:00:00,86,80,34.4375,51.4,3.1,3.6,long >12 h,high Q80-Q95,Q50=3.36 mm; Q80=13.81 mm; Q95=65.46 mm,6,91.08333333333333,87.23963589353272,87.9827487738553,0.9649985021334477,1.778023598820059,0.3174800435922482,0.13548820839289424,0.035398230088495575,0.035398230088495575,0.035398230088495575
E102,2022-02-06 19:00:00,2022-02-07 23:00:00,29,27,16.162499999999994,23.7,4.0,4.7,long >12 h,high Q80-Q95,Q50=3.36 mm; Q80=13.81 mm; Q95=65.46 mm,6,34.083333333333336,87.86486317527657,89.32553413522271,0.9652076075902806,0.7935103244837759,0.2676677435699785,0.14680479903361485,0.04424778761061947,0.04424778761061947,0.04424778761061947
E104,2022-02-08 20:00:00,2022-02-09 08:00:00,13,13,8.9,14.9,1.8875,3.0,long >12 h,moderate Q50-Q80,Q50=3.36 mm; Q80=13.81 mm; Q95=65.46 mm,6,18.083333333333332,89.97733636501547,91.76871309533631,0.9678234982260102,0.4705014749262537,0.27465282458320617,0.1348485328598465,0.04424778761061947,0.061946902654867256,0.07964601769911504
E106,2022-02-10 19:00:00,2022-02-11 11:00:00,17,10,0.6125,2.6,0.2125,0.7,long >12 h,low <=Q50,Q50=3.36 mm; Q80=13.81 mm; Q95=65.46 mm,6,22.083333333333332,89.94123062557519,92.29267464561583,0.9735181165470028,0.46091445427728617,0.2718986299241141,0.13397913191831276,0.035398230088495575,0.061946902654867256,0.09734513274336283
E108,2022-02-13 03:00:00,2022-02-14 09:00:00,31,29,6.3500000000000005,10.199999999999998,0.8625,1.1,long >12 h,moderate Q50-Q80,Q50=3.36 mm; Q80=13.81 mm; Q95=65.46 mm,6,36.083333333333336,88.96402068662098,90.71610125531693,0.9627623699646427,0.9410029498525073,0.3091195311805323,0.1138188117557074,0.02654867256637168,0.02654867256637168,0.05309734513274336
E109,2022-02-16 21:00:00,2022-02-17 14:00:00,18,16,3.9125,8.100000000000001,0.9375,1.9,long >12 h,moderate Q50-Q80,Q50=3.36 mm; Q80=13.81 mm; Q95=65.46 mm,6,23.083333333333332,89.21560811677931,91.30510228865747,0.9662950065493116,0.6910029498525074,0.31298697952566823,0.10705661134291719,0.04424778761061947,0.07964601769911504,0.13274336283185842
E110,2022-02-17 21:00:00,2022-02-23 12:00:00,136,128,65.2875,105.4,4.35,6.0,long >12 h,high Q80-Q95,Q50=3.36 mm; Q80=13.81 mm; Q95=65.46 mm,6,141.08333333333334,88.59453878143684,90.54373294897798,0.9600802889566096,2.4181415929203536,0.2570108907037426,0.15005955659892228,0.02654867256637168,0.02654867256637168,0.02654867256637168
E111,2022-03-05 07:00:00,2022-03-05 15:00:00,9,9,5.350000000000001,11.100000000000001,1.3125,2.7,medium 3-12 h,moderate Q50-Q80,Q50=3.36 mm; Q80=13.81 mm; Q95=65.46 mm,6,14.083333333333334,88.24350631885183,88.45538215286115,0.969209823532492,0.37610619469026546,0.29149600911967705,0.13221917499526065,0.061946902654867256,0.07079646017699115,0.08849557522123894
E113,2022-03-06 09:00:00,2022-03-06 17:00:00,9,4,0.3125,1.0,0.2375,0.5,medium 3-12 h,low <=Q50,Q50=3.36 mm; Q80=13.81 mm; Q95=65.46 mm,6,14.083333333333334,89.82947668013779,92.75500969618616,0.9577944179714091,0.5427728613569323,0.2950124965198779,0.09289041342414973,0.05309734513274336,0.10619469026548672,0.19469026548672566
E114,2022-03-07 14:00:00,2022-03-07 19:00:00,6,4,1.1375,3.2,0.6375000000000001,1.7,medium 3-12 h,low <=Q50,Q50=3.36 mm; Q80=13.81 mm; Q95=65.46 mm,6,11.083333333333334,90.5218091946157,93.06510482981072,0.9692594317652538,0.32079646017699115,0.29673598560056763,0.08755030927479494,0.05309734513274336,0.10619469026548672,0.168141592920354
E117,2022-03-15 01:00:00,2022-03-15 08:00:00,8,7,0.5874999999999999,3.8999999999999995,0.15,1.2,medium 3-12 h,low <=Q50,Q50=3.36 mm; Q80=13.81 mm; Q95=65.46 mm,6,13.083333333333334,88.28130091609779,89.41176470588236,0.962516205399921,0.4564896755162242,0.33159321085816656,0.09739104672536379,0.07079646017699115,0.1415929203539823,0.19469026548672566
E118,2022-03-17 19:00:00,2022-03-17 22:00:00,4,4,2.9124999999999996,8.2,1.8375,4.5,medium 3-12 h,low <=Q50,Q50=3.36 mm; Q80=13.81 mm; Q95=65.46 mm,6,9.083333333333334,88.21596248717914,89.41176470588236,0.9658195989283105,0.30825958702064893,0.3495638328162744,0.08902450140745463,0.07964601769911504,0.1415929203539823,0.23008849557522124
E120,2022-03-21 02:00:00,2022-03-21 09:00:00,8,6,0.525,1.6,0.2625,0.6,medium 3-12 h,low <=Q50,Q50=3.36 mm; Q80=13.81 mm; Q95=65.46 mm,6,13.083333333333334,88.76452805624396,89.81900452488688,0.9656727354715067,0.42109144542772864,0.4025738848150958,0.06812109155839799,0.07964601769911504,0.168141592920354,0.2831858407079646
E121,2022-03-22 05:00:00,2022-03-23 10:00:00,30,28,12.9375,25.700000000000003,2.425,3.8,long >12 h,moderate Q50-Q80,Q50=3.36 mm; Q80=13.81 mm; Q95=65.46 mm,6,35.083333333333336,87.85440792986591,89.41176470588236,0.959914237067244,0.9609144542772862,0.3701849596356558,0.09273616319619411,0.04424778761061947,0.05309734513274336,0.12389380530973451
E122,2022-03-24 23:00:00,2022-03-26 07:00:00,33,26,11.9625,20.800000000000004,3.825,4.7,long >12 h,moderate Q50-Q80,Q50=3.36 mm; Q80=13.81 mm; Q95=65.46 mm,6,38.083333333333336,87.06295364883704,86.86317415368774,0.9643887608683023,1.0508849557522124,0.32799940874751243,0.11268350003014678,0.04424778761061947,0.061946902654867256,0.07079646017699115
E123,2022-03-26 14:00:00,2022-03-27 07:00:00,18,17,56.325,108.49999999999999,13.6375,24.9,long >12 h,high Q80-Q95,Q50=3.36 mm; Q80=13.81 mm; Q95=65.46 mm,6,23.083333333333332,84.16800645605917,84.56136077619453,0.9595859557202646,0.6799410029498525,0.21997569458119967,0.23180475928863484,0.02654867256637168,0.02654867256637168,0.02654867256637168
E124,2022-03-27 21:00:00,2022-03-29 01:00:00,29,25,13.599999999999998,23.600000000000005,3.2,5.7,long >12 h,moderate Q50-Q80,Q50=3.36 mm; Q80=13.81 mm; Q95=65.46 mm,6,34.083333333333336,87.66776064713994,87.77730835610528,0.9540212475928772,1.0309734513274336,0.24692880845307622,0.1608638675151381,0.02654867256637168,0.04424778761061947,0.061946902654867256
E125,2022-03-29 23:00:00,2022-03-30 13:00:00,15,14,13.3125,27.7,5.5375,11.4,long >12 h,moderate Q50-Q80,Q50=3.36 mm; Q80=13.81 mm; Q95=65.46 mm,6,20.083333333333332,86.8895322951358,87.05882352941177,0.9472331362684978,0.7050147492625368,0.2523700554861244,0.16093449443971083,0.04424778761061947,0.04424778761061947,0.04424778761061947
E126,2022-03-31 07:00:00,2022-03-31 13:00:00,7,5,0.5125,2.0,0.225,1.2,medium 3-12 h,low <=Q50,Q50=3.36 mm; Q80=13.81 mm; Q95=65.46 mm,6,12.083333333333334,87.8131899212714,88.748960156102,0.9548367409215747,0.413716814159292,0.2967040585356046,0.13112166329088826,0.07079646017699115,0.10619469026548672,0.1592920353982301
E129,2022-04-02 00:00:00,2022-04-02 13:00:00,14,13,1.3999999999999997,3.2000000000000006,0.325,0.6,long >12 h,low <=Q50,Q50=3.36 mm; Q80=13.81 mm; Q95=65.46 mm,6,19.083333333333332,87.88346446010462,89.41176470588236,0.9506898017544538,0.7831858407079646,0.3121259930877832,0.11115746830311611,0.04424778761061947,0.07964601769911504,0.1592920353982301
E131,2022-04-13 18:00:00,2022-04-14 00:00:00,7,5,1.1624999999999999,2.9,0.475,1.0,medium 3-12 h,low <=Q50,Q50=3.36 mm; Q80=13.81 mm; Q95=65.46 mm,6,12.083333333333334,89.44727906940301,90.54621848739497,0.9667378700030516,0.38790560471976404,0.38738203846413194,0.06332828504266094,0.08849557522123894,0.19469026548672566,0.2920353982300885
E133,2022-04-16 17:00:00,2022-04-17 00:00:00,8,7,1.0125000000000002,2.4000000000000004,0.3625,0.9,medium 3-12 h,low <=Q50,Q50=3.36 mm; Q80=13.81 mm; Q95=65.46 mm,6,13.083333333333334,89.01978182771796,90.93831075149146,0.9509610506735809,0.5803834808259588,0.3584170501817425,0.06581767251911468,0.061946902654867256,0.1592920353982301,0.23008849557522124
E135,2022-04-18 22:00:00,2022-04-19 08:00:00,11,10,1.475,3.1999999999999997,0.525,1.3,medium 3-12 h,low <=Q50,Q50=3.36 mm; Q80=13.81 mm; Q95=65.46 mm,6,16.083333333333332,89.25454513694908,91.18230625583567,0.9572653491677747,0.6157817109144542,0.3561407974061658,0.06709240332264862,0.05309734513274336,0.1592920353982301,0.21238938053097345
E136,2022-04-19 23:00:00,2022-04-21 17:00:00,43,29,3.3625,10.6,0.3875,1.3,long >12 h,low <=Q50,Q50=3.36 mm; Q80=13.81 mm; Q95=65.46 mm,6,48.083333333333336,88.92758838225755,90.98989310550124,0.9503688593733225,1.6880530973451326,0.35624128726840854,0.0680363003328635,0.035398230088495575,0.08849557522123894,0.17699115044247787
E137,2022-04-23 02:00:00,2022-04-24 03:00:00,26,18,8.5125,30.700000000000003,3.4625,11.3,long >12 h,moderate Q50-Q80,Q50=3.36 mm; Q80=13.81 mm; Q95=65.46 mm,6,31.083333333333332,88.32189406661067,90.25953962162761,0.9491565636195402,1.2123893805309736,0.34470787052183827,0.07631242486921949,0.035398230088495575,0.07079646017699115,0.10619469026548672
E138,2022-04-24 15:00:00,2022-04-24 15:00:00,1,1,0.4375,3.5,0.4375,3.5,short <=3 h,low <=Q50,Q50=3.36 mm; Q80=13.81 mm; Q95=65.46 mm,6,6.083333333333333,90.47831743477869,91.80672268907563,0.9631470481270458,0.221976401179941,0.34683869025481984,0.064300852825443,0.11504424778761062,0.25663716814159293,0.39823008849557523
E139,2022-04-26 17:00:00,2022-04-27 15:00:00,23,15,80.78750000000001,150.4,29.25,49.9,long >12 h,very high >Q95,Q50=3.36 mm; Q80=13.81 mm; Q95=65.46 mm,6,28.083333333333332,84.70183142649739,85.86645485435977,0.939549906777658,1.3274336283185841,0.24722619996350698,0.17423617263643126,0.02654867256637168,0.02654867256637168,0.02654867256637168
E142,2022-04-29 15:00:00,2022-04-30 04:00:00,14,11,8.1,25.8,2.375,7.8,long >12 h,moderate Q50-Q80,Q50=3.36 mm; Q80=13.81 mm; Q95=65.46 mm,6,19.083333333333332,87.0085277059741,87.68735564401199,0.9422653321482398,0.9048672566371682,0.21809270253774815,0.16678694490353935,0.035398230088495575,0.035398230088495575,0.08849557522123894
E144,2022-05-01 04:00:00,2022-05-02 08:00:00,29,28,14.587500000000002,21.099999999999998,2.3375,2.9,long >12 h,high Q80-Q95,Q50=3.36 mm; Q80=13.81 mm; Q95=65.46 mm,6,34.083333333333336,86.62850775306016,89.83483123672282,0.9203972564207976,2.183628318584071,0.23967223391553472,0.13895714958998098,0.0,0.02654867256637168,0.04424778761061947
E147,2022-05-07 15:00:00,2022-05-08 14:00:00,24,20,1.675,4.3,0.3125,0.6,long >12 h,low <=Q50,Q50=3.36 mm; Q80=13.81 mm; Q95=65.46 mm,6,29.083333333333332,87.52128949088642,90.4584822434721,0.9286203311610924,1.8871681415929205,0.3338268271642004,0.0758200349959966,0.035398230088495575,0.07964601769911504,0.13274336283185842
E148,2022-05-09 07:00:00,2022-05-11 09:00:00,51,41,16.025000000000002,34.800000000000004,3.9875,5.9,long >12 h,high Q80-Q95,Q50=3.36 mm; Q80=13.81 mm; Q95=65.46 mm,6,56.083333333333336,85.27733839507754,86.88428037863122,0.9305973780062855,3.2765486725663715,0.31106802650664805,0.11291972396601935,0.017699115044247787,0.02654867256637168,0.04424778761061947
E149,2022-05-11 16:00:00,2022-05-11 17:00:00,2,2,1.8875,3.8,1.45,3.1,short <=3 h,low <=Q50,Q50=3.36 mm; Q80=13.81 mm; Q95=65.46 mm,6,7.083333333333333,87.5048315395988,89.91596638655463,0.9351379489849035,0.4358407079646018,0.40451717489080014,0.08231624670987815,0.09734513274336283,0.2920353982300885,0.4336283185840708
E150,2022-05-11 22:00:00,2022-05-16 17:00:00,116,110,125.925,224.9,19.7375,37.5,long >12 h,very high >Q95,Q50=3.36 mm; Q80=13.81 mm; Q95=65.46 mm,6,121.08333333333333,83.98734205061871,85.17327592193901,0.9176558721960667,6.742625368731562,0.23646630670519636,0.17231451531674355,0.0,0.0,0.0
E152,2022-05-21 10:00:00,2022-05-22 03:00:00,18,9,0.5125,1.7000000000000002,0.2499999999999999,0.6,long >12 h,low <=Q50,Q50=3.36 mm; Q80=13.81 mm; Q95=65.46 mm,6,23.083333333333332,86.08286228194665,89.41176470588236,0.9154340116929172,1.7529498525073741,0.2938154518101359,0.10274334784002397,0.02654867256637168,0.08849557522123894,0.12389380530973451
E153,2022-05-22 12:00:00,2022-05-27 11:00:00,120,114,82.67500000000001,138.4,9.425,12.6,long >12 h,very high >Q95,Q50=3.36 mm; Q80=13.81 mm; Q95=65.46 mm,6,125.08333333333333,84.78660495129986,87.66162358521721,0.9087216192155082,7.963864306784661,0.2183731518334796,0.15564114739435353,0.008849557522123894,0.008849557522123894,0.008849557522123894
E154,2022-05-27 21:00:00,2022-05-28 13:00:00,17,13,5.75,14.299999999999999,3.375,5.4,long >12 h,moderate Q50-Q80,Q50=3.36 mm; Q80=13.81 mm; Q95=65.46 mm,6,22.083333333333332,85.99801300377173,88.95891690009337,0.9197862748372015,1.6047197640117992,0.21089955901205504,0.15559161040721906,0.008849557522123894,0.008849557522123894,0.017699115044247787
E157,2022-05-30 19:00:00,2022-06-01 14:00:00,44,31,29.6375,61.6,10.9875,19.8,long >12 h,high Q80-Q95,Q50=3.36 mm; Q80=13.81 mm; Q95=65.46 mm,6,49.083333333333336,84.90651205297473,88.13582826811623,0.910497768829725,3.553834808259587,0.23761711673726676,0.14461055960816915,0.008849557522123894,0.008849557522123894,0.008849557522123894
E158,2022-06-01 22:00:00,2022-06-04 05:00:00,56,45,65.46249999999999,149.7,17.862499999999997,28.5,long >12 h,high Q80-Q95,Q50=3.36 mm; Q80=13.81 mm; Q95=65.46 mm,6,61.083333333333336,84.50548012737279,86.04977433819623,0.9152350022335172,4.069321533923304,0.20129516921585164,0.1771397722296798,0.008849557522123894,0.008849557522123894,0.008849557522123894
E162,2022-06-06 04:00:00,2022-06-06 18:00:00,15,15,27.875,76.49999999999999,7.225,22.4,long >12 h,high Q80-Q95,Q50=3.36 mm; Q80=13.81 mm; Q95=65.46 mm,6,20.083333333333332,83.16790074976393,85.69465194312643,0.9153600411265744,1.5457227138643064,0.1782377145505785,0.2395515750020808,0.017699115044247787,0.02654867256637168,0.02654867256637168
E163,2022-06-07 00:00:00,2022-06-07 15:00:00,16,14,2.8,6.9,0.6375000000000001,1.5,long >12 h,low <=Q50,Q50=3.36 mm; Q80=13.81 mm; Q95=65.46 mm,6,21.083333333333332,86.40196514433492,89.562491663332,0.9116093602434502,1.609882005899705,0.27238570915485294,0.11354439516791912,0.008849557522123894,0.05309734513274336,0.09734513274336283
E164,2022-06-08 00:00:00,2022-06-12 22:00:00,119,112,103.57500000000003,184.09999999999997,9.125,12.2,long >12 h,very high >Q95,Q50=3.36 mm; Q80=13.81 mm; Q95=65.46 mm,6,124.08333333333333,83.67260072373072,86.13196913423302,0.8951603796573099,9.33259587020649,0.21994298193904946,0.17635551966624627,0.0,0.0,0.008849557522123894
E165,2022-06-13 03:00:00,2022-06-15 10:00:00,56,51,67.0,146.8,8.4625,23.6,long >12 h,very high >Q95,Q50=3.36 mm; Q80=13.81 mm; Q95=65.46 mm,6,61.083333333333336,83.3714071129949,85.73068568670035,0.9039104661410857,4.725663716814159,0.19399183022852387,0.1972860881192088,0.008849557522123894,0.008849557522123894,0.008849557522123894
E166,2022-06-15 21:00:00,2022-06-18 09:00:00,61,53,23.5625,47.8,3.7125,6.3,long >12 h,high Q80-Q95,Q50=3.36 mm; Q80=13.81 mm; Q95=65.46 mm,6,66.08333333333333,84.9769084258703,88.4637135700724,0.9108460087714403,4.964601769911504,0.2620547440785596,0.13279899619365984,0.008849557522123894,0.017699115044247787,0.04424778761061947
E168,2022-06-21 06:00:00,2022-06-21 09:00:00,4,4,0.9,1.8,0.4375,0.9,medium 3-12 h,low <=Q50,Q50=3.36 mm; Q80=13.81 mm; Q95=65.46 mm,6,9.083333333333334,86.08594178398596,88.81813275769024,0.915157911829179,0.7404129793510325,0.2948223981591415,0.10414865908411296,0.05309734513274336,0.11504424778761062,0.1592920353982301
E173,2022-07-01 20:00:00,2022-07-02 17:00:00,22,16,13.6625,62.6,5.7250000000000005,19.2,long >12 h,moderate Q50-Q80,Q50=3.36 mm; Q80=13.81 mm; Q95=65.46 mm,6,27.083333333333332,82.93034081104656,85.65826330532214,0.9195371000680734,2.0007374631268435,0.22353537828183834,0.20093398945562693,0.0,0.008849557522123894,0.008849557522123894
E174,2022-07-02 22:00:00,2022-07-02 22:00:00,1,1,1.075,8.6,1.075,8.6,short <=3 h,low <=Q50,Q50=3.36 mm; Q80=13.81 mm; Q95=65.46 mm,6,6.083333333333333,86.17439642509488,88.71770930594461,0.9167171778397382,0.47713864306784654,0.23413977000873962,0.15337932582824565,0.02654867256637168,0.10619469026548672,0.1415929203539823
E175,2022-07-03 04:00:00,2022-07-03 21:00:00,18,11,3.875,18.6,2.6875,11.1,long >12 h,moderate Q50-Q80,Q50=3.36 mm; Q80=13.81 mm; Q95=65.46 mm,6,23.083333333333332,85.4331882506735,88.31709952747438,0.9200983994121593,1.7101769911504425,0.24685522993134337,0.14121756153689793,0.008849557522123894,0.008849557522123894,0.061946902654867256
E178,2022-07-05 10:00:00,2022-07-05 17:00:00,8,8,4.174999999999999,14.4,2.1125,5.7,medium 3-12 h,moderate Q50-Q80,Q50=3.36 mm; Q80=13.81 mm; Q95=65.46 mm,6,13.083333333333334,84.89027298115535,88.23529411764706,0.9009075023955809,1.2485250737463127,0.23744696525880174,0.15674672753388932,0.017699115044247787,0.061946902654867256,0.1415929203539823
E179,2022-07-06 00:00:00,2022-07-06 07:00:00,8,5,1.6125,5.300000000000001,0.625,2.2,medium 3-12 h,low <=Q50,Q50=3.36 mm; Q80=13.81 mm; Q95=65.46 mm,6,13.083333333333334,85.95194930391331,88.4794943618473,0.9189448170903557,1.0442477876106195,0.2585894707541675,0.134638961340028,0.02654867256637168,0.061946902654867256,0.11504424778761062
E180,2022-07-15 16:00:00,2022-07-15 16:00:00,1,1,0.4125,3.3,0.4125,3.3,short <=3 h,low <=Q50,Q50=3.36 mm; Q80=13.81 mm; Q95=65.46 mm,6,6.083333333333333,86.07172495878064,90.54621848739497,0.8918656806885684,0.6238938053097346,0.33511535783255286,0.07879398129693349,0.061946902654867256,0.25663716814159293,0.36283185840707965
E181,2022-07-17 16:00:00,2022-07-17 20:00:00,5,4,8.362499999999999,34.8,5.6875,15.7,medium 3-12 h,moderate Q50-Q80,Q50=3.36 mm; Q80=13.81 mm; Q95=65.46 mm,6,10.083333333333334,62.824947612546,61.539141972578506,0.6087179112118776,3.614306784660767,0.1818979251548458,0.28498401724860867,0.017699115044247787,0.035398230088495575,0.04424778761061947
E182,2022-07-18 14:00:00,2022-07-18 14:00:00,1,1,0.1875,1.2,0.1875,1.2,short <=3 h,low <=Q50,Q50=3.36 mm; Q80=13.81 mm; Q95=65.46 mm,6,6.083333333333333,72.53808153945563,72.22200034612672,0.721663231906898,1.5958702064896753,0.19849738996871932,0.22685924446950784,0.035398230088495575,0.05309734513274336,0.09734513274336283
E184,2022-07-30 18:00:00,2022-07-30 19:00:00,2,2,1.875,7.199999999999999,1.85,7.1,short <=3 h,low <=Q50,Q50=3.36 mm; Q80=13.81 mm; Q95=65.46 mm,6,7.083333333333333,83.42494042210392,85.97839135654262,0.8946382092660075,0.6165191740412979,0.21433623847910452,0.21395208260392207,0.02654867256637168,0.05309734513274336,0.07964601769911504
E185,2022-08-01 16:00:00,2022-08-01 19:00:00,4,3,1.1375,5.4,0.975,4.9,medium 3-12 h,low <=Q50,Q50=3.36 mm; Q80=13.81 mm; Q95=65.46 mm,6,9.083333333333334,83.00837551483347,86.21848739495798,0.8927498579199481,0.8016224188790562,0.2094183073420469,0.19994723955901167,0.02654867256637168,0.035398230088495575,0.05309734513274336
E187,2022-08-02 15:00:00,2022-08-02 20:00:00,6,5,6.8125,31.6,3.4000000000000004,20.5,medium 3-12 h,moderate Q50-Q80,Q50=3.36 mm; Q80=13.81 mm; Q95=65.46 mm,6,11.083333333333334,80.82986363162604,85.2253628724217,0.8800319382527115,1.0589970501474926,0.1659144987972911,0.27923151583545014,0.02654867256637168,0.02654867256637168,0.02654867256637168
