sensor_public_id,low_dynamic_window_label,low_dynamic_window_hours,low_variation_threshold_m,valid_rolling_window_count,min_rolling_range_m,low_variation_window_fraction,flagged_low_variation
S0037,1 day,24.0,0.01,102227,0.0,0.042209983663807016,True
S0037,1 day,24.0,0.03,102227,0.0,0.054310505052481244,True
S0037,1 day,24.0,0.05,102227,0.0,0.06553063280737965,True
S0087,1 day,24.0,0.01,101444,0.016199827194213867,0.0,False
S0087,1 day,24.0,0.03,101444,0.016199827194213867,0.012844525058160167,True
S0087,1 day,24.0,0.05,101444,0.016199827194213867,0.08080320176649186,True
S0091,1 day,24.0,0.01,100833,0.0,0.009143831880435969,True
S0091,1 day,24.0,0.03,100833,0.0,0.07043329068856426,True
S0091,1 day,24.0,0.05,100833,0.0,0.0765820713456904,True
S0047,1 day,24.0,0.01,101377,0.0,0.011541079337522318,True
S0047,1 day,24.0,0.03,101377,0.0,0.012488039693421585,True
S0047,1 day,24.0,0.05,101377,0.0,0.02388115647533464,True
S0045,1 day,24.0,0.01,101648,0.01399993896484375,0.0,False
S0045,1 day,24.0,0.03,101648,0.01399993896484375,0.0018987092712104518,True
S0045,1 day,24.0,0.05,101648,0.01399993896484375,0.10447819927593263,True
S0049,1 day,24.0,0.01,36502,0.013999998569488525,0.0,False
S0049,1 day,24.0,0.03,36502,0.013999998569488525,0.0711193907183168,True
S0049,1 day,24.0,0.05,36502,0.013999998569488525,0.46222124815078625,True
S0022,1 day,24.0,0.01,102008,0.0,0.12233354246725747,True
S0022,1 day,24.0,0.03,102008,0.0,0.155046663006823,True
S0022,1 day,24.0,0.05,102008,0.0,0.17319229864324368,True
S0095,1 day,24.0,0.01,91948,0.11440002918243408,0.0,False
S0095,1 day,24.0,0.03,91948,0.11440002918243408,0.0,False
S0095,1 day,24.0,0.05,91948,0.11440002918243408,0.0,False
S0041,1 day,24.0,0.01,91042,0.2645999789237976,0.0,False
S0041,1 day,24.0,0.03,91042,0.2645999789237976,0.0,False
S0041,1 day,24.0,0.05,91042,0.2645999789237976,0.0,False
S0042,1 day,24.0,0.01,90727,0.09879997372627258,0.0,False
S0042,1 day,24.0,0.03,90727,0.09879997372627258,0.0,False
S0042,1 day,24.0,0.05,90727,0.09879997372627258,0.0,False
S0068,1 day,24.0,0.01,73118,0.06700000166893005,0.0,False
S0068,1 day,24.0,0.03,73118,0.06700000166893005,0.0,False
S0068,1 day,24.0,0.05,73118,0.06700000166893005,0.0,False
S0043,1 day,24.0,0.01,91135,0.08259999752044678,0.0,False
S0043,1 day,24.0,0.03,91135,0.08259999752044678,0.0,False
S0043,1 day,24.0,0.05,91135,0.08259999752044678,0.0,False
S0026,1 day,24.0,0.01,101409,0.10379999876022339,0.0,False
S0026,1 day,24.0,0.03,101409,0.10379999876022339,0.0,False
S0026,1 day,24.0,0.05,101409,0.10379999876022339,0.0,False
S0036,1 day,24.0,0.01,102864,0.0,0.18620703064240163,True
S0036,1 day,24.0,0.03,102864,0.0,0.1929343599315601,True
S0036,1 day,24.0,0.05,102864,0.0,0.20174210608181678,True
S0109,1 day,24.0,0.01,99327,0.03300023078918457,0.0,False
S0109,1 day,24.0,0.03,99327,0.03300023078918457,0.0,False
S0109,1 day,24.0,0.05,99327,0.03300023078918457,0.0003121004359338347,True
S0006,1 day,24.0,0.01,98843,0.0,0.008933358963204274,True
S0006,1 day,24.0,0.03,98843,0.0,0.09313760205578543,True
S0006,1 day,24.0,0.05,98843,0.0,0.49374260190402963,True
S0014,1 day,24.0,0.01,98742,0.0,0.002612869903384578,True
S0014,1 day,24.0,0.03,98742,0.0,0.0026229973061108747,True
S0014,1 day,24.0,0.05,98742,0.0,0.004739624475906909,True
S0031,1 day,24.0,0.01,88343,0.0,0.027076282218172352,True
S0031,1 day,24.0,0.03,88343,0.0,0.02721211640990231,True
S0031,1 day,24.0,0.05,88343,0.0,0.027381909149564766,True
S0013,1 day,24.0,0.01,98800,0.0,0.25276315789473686,True
S0013,1 day,24.0,0.03,98800,0.0,0.2984817813765182,True
S0013,1 day,24.0,0.05,98800,0.0,0.349585020242915,True
S0076,1 day,24.0,0.01,89825,0.0830000638961792,0.0,False
S0076,1 day,24.0,0.03,89825,0.0830000638961792,0.0,False
S0076,1 day,24.0,0.05,89825,0.0830000638961792,0.0,False
S0015,1 day,24.0,0.01,84637,0.0,0.10912485083355979,True
S0015,1 day,24.0,0.03,84637,0.0,0.1277809941278637,True
S0015,1 day,24.0,0.05,84637,0.0,0.13444474638751375,True
S0032,1 day,24.0,0.01,101463,0.1698000431060791,0.0,False
S0032,1 day,24.0,0.03,101463,0.1698000431060791,0.0,False
S0032,1 day,24.0,0.05,101463,0.1698000431060791,0.0,False
S0107,1 day,24.0,0.01,94389,0.03600001335144043,0.0,False
S0107,1 day,24.0,0.03,94389,0.03600001335144043,0.0,False
S0107,1 day,24.0,0.05,94389,0.03600001335144043,0.009693926199027428,True
S0085,1 day,24.0,0.01,103143,0.0,0.0411758432467545,True
S0085,1 day,24.0,0.03,103143,0.0,0.0411758432467545,True
S0085,1 day,24.0,0.05,103143,0.0,0.0424847056998536,True
S0108,1 day,24.0,0.01,75093,0.001000046730041504,0.0111994460202682,True
S0108,1 day,24.0,0.03,75093,0.001000046730041504,0.015141224881147377,True
S0108,1 day,24.0,0.05,75093,0.001000046730041504,0.01848374682060911,True
S0084,1 day,24.0,0.01,102555,0.0,0.008912290965823216,True
S0084,1 day,24.0,0.03,102555,0.0,0.019404222124713568,True
S0084,1 day,24.0,0.05,102555,0.0,0.45772512310467556,True
S0082,1 day,24.0,0.01,102571,0.08540001511573792,0.0,False
S0082,1 day,24.0,0.03,102571,0.08540001511573792,0.0,False
S0082,1 day,24.0,0.05,102571,0.08540001511573792,0.0,False
S0060,1 day,24.0,0.01,102587,0.016400009393692017,0.0,False
S0060,1 day,24.0,0.03,102587,0.016400009393692017,0.08184272861083763,True
S0060,1 day,24.0,0.05,102587,0.016400009393692017,0.19063819002407711,True
S0039,1 day,24.0,0.01,102309,0.08139997720718384,0.0,False
S0039,1 day,24.0,0.03,102309,0.08139997720718384,0.0,False
S0039,1 day,24.0,0.05,102309,0.08139997720718384,0.0,False
S0051,1 day,24.0,0.01,102562,0.0,0.3221856048048985,True
S0051,1 day,24.0,0.03,102562,0.0,0.3221856048048985,True
S0051,1 day,24.0,0.05,102562,0.0,0.3221856048048985,True
S0050,1 day,24.0,0.01,102365,0.013000011444091797,0.0,False
S0050,1 day,24.0,0.03,102365,0.013000011444091797,0.08959116885654277,True
S0050,1 day,24.0,0.05,102365,0.013000011444091797,0.2185414936745958,True
S0075,1 day,24.0,0.01,98064,0.0,0.640489884157285,True
S0075,1 day,24.0,0.03,98064,0.0,0.7259544787077826,True
S0075,1 day,24.0,0.05,98064,0.0,0.7919012073747757,True
S0025,1 day,24.0,0.01,101558,0.03299999237060547,0.0,False
S0025,1 day,24.0,0.03,101558,0.03299999237060547,0.0,False
S0025,1 day,24.0,0.05,101558,0.03299999237060547,0.009669351503574312,True
S0100,1 day,24.0,0.01,102422,0.0,0.007029739704360391,True
S0100,1 day,24.0,0.03,102422,0.0,0.1076428892230185,True
S0100,1 day,24.0,0.05,102422,0.0,0.6357423209857257,True
S0054,1 day,24.0,0.01,102533,0.006599992513656616,0.007129411994187237,True
S0054,1 day,24.0,0.03,102533,0.006599992513656616,0.03870948865243385,True
S0054,1 day,24.0,0.05,102533,0.006599992513656616,0.14228589819862875,True
S0103,1 day,24.0,0.01,96187,0.0,0.07642404898790897,True
S0103,1 day,24.0,0.03,96187,0.0,0.07953257716739268,True
S0103,1 day,24.0,0.05,96187,0.0,0.08223564514955244,True
S0106,1 day,24.0,0.01,103127,0.023000001907348633,0.0,False
S0106,1 day,24.0,0.03,103127,0.023000001907348633,0.00013575494293444006,True
S0106,1 day,24.0,0.05,103127,0.023000001907348633,0.029138828822713743,True
S0048,1 day,24.0,0.01,98217,0.0009999275207519531,0.27718215787490963,True
S0048,1 day,24.0,0.03,98217,0.0009999275207519531,0.5012166936477392,True
S0048,1 day,24.0,0.05,98217,0.0009999275207519531,0.5310180518647485,True
S0040,1 day,24.0,0.01,98527,0.0,0.017152658662092625,True
S0040,1 day,24.0,0.03,98527,0.0,0.03761405503060075,True
S0040,1 day,24.0,0.05,98527,0.0,0.07416241233367503,True
S0063,1 day,24.0,0.01,102199,0.013999998569488525,0.0,False
S0063,1 day,24.0,0.03,102199,0.013999998569488525,0.11905204551903639,True
S0063,1 day,24.0,0.05,102199,0.013999998569488525,0.5353183494946134,True
S0038,1 day,24.0,0.01,101140,0.23740005493164062,0.0,False
S0038,1 day,24.0,0.03,101140,0.23740005493164062,0.0,False
S0038,1 day,24.0,0.05,101140,0.23740005493164062,0.0,False
S0052,1 day,24.0,0.01,98032,0.02799999713897705,0.0,False
S0052,1 day,24.0,0.03,98032,0.02799999713897705,0.0002244165170556553,True
S0052,1 day,24.0,0.05,98032,0.02799999713897705,0.016178390729557696,True
S0080,1 day,24.0,0.01,102583,0.16479969024658203,0.0,False
S0080,1 day,24.0,0.03,102583,0.16479969024658203,0.0,False
S0080,1 day,24.0,0.05,102583,0.16479969024658203,0.0,False
S0105,1 day,24.0,0.01,101945,0.0,0.01765657952817696,True
S0105,1 day,24.0,0.03,101945,0.0,0.020511059885232233,True
S0105,1 day,24.0,0.05,101945,0.0,0.024366079748884203,True
S0059,1 day,24.0,0.01,102582,0.01799999177455902,0.0,False
S0059,1 day,24.0,0.03,102582,0.01799999177455902,0.10986332884911583,True
S0059,1 day,24.0,0.05,102582,0.01799999177455902,0.39307090912635745,True
S0111,1 day,24.0,0.01,98843,0.062000006437301636,0.0,False
S0111,1 day,24.0,0.03,98843,0.062000006437301636,0.0,False
S0111,1 day,24.0,0.05,98843,0.062000006437301636,0.0,False
S0104,1 day,24.0,0.01,102443,0.0,0.007145436974707886,True
S0104,1 day,24.0,0.03,102443,0.0,0.03826518161318977,True
S0104,1 day,24.0,0.05,102443,0.0,0.13938482863641244,True
S0053,1 day,24.0,0.01,101357,0.0,0.1480016180431544,True
S0053,1 day,24.0,0.03,101357,0.0,0.16553370758803043,True
S0053,1 day,24.0,0.05,101357,0.0,0.19221168740195546,True
S0056,1 day,24.0,0.01,102585,0.08740001916885376,0.0,False
S0056,1 day,24.0,0.03,102585,0.08740001916885376,0.0,False
S0056,1 day,24.0,0.05,102585,0.08740001916885376,0.0,False
S0102,1 day,24.0,0.01,99922,0.0,0.11231760773403254,True
S0102,1 day,24.0,0.03,99922,0.0,0.1127979824262925,True
S0102,1 day,24.0,0.05,99922,0.0,0.12694902023578392,True
S0019,1 day,24.0,0.01,85450,0.0,0.12657694558221183,True
S0019,1 day,24.0,0.03,85450,0.0,0.12657694558221183,True
S0019,1 day,24.0,0.05,85450,0.0,0.1274195435927443,True
S0021,1 day,24.0,0.01,68955,0.0,0.11316075701544485,True
S0021,1 day,24.0,0.03,68955,0.0,0.11316075701544485,True
S0021,1 day,24.0,0.05,68955,0.0,0.11316075701544485,True
S0074,1 day,24.0,0.01,102993,0.0,0.03348771275717767,True
S0074,1 day,24.0,0.03,102993,0.0,0.055994096686182555,True
S0074,1 day,24.0,0.05,102993,0.0,0.0790053692969425,True
S0023,1 day,24.0,0.01,75054,0.0,0.4202174434407227,True
S0023,1 day,24.0,0.03,75054,0.0,0.471820289391638,True
S0023,1 day,24.0,0.05,75054,0.0,0.5016121725690836,True
S0092,1 day,24.0,0.01,78462,0.10739999264478683,0.0,False
S0092,1 day,24.0,0.03,78462,0.10739999264478683,0.0,False
S0092,1 day,24.0,0.05,78462,0.10739999264478683,0.0,False
S0071,1 day,24.0,0.01,86837,0.01299998164176941,0.0,False
S0071,1 day,24.0,0.03,86837,0.01299998164176941,0.004088119119730069,True
S0071,1 day,24.0,0.05,86837,0.01299998164176941,0.006633117219618365,True
S0096,1 day,24.0,0.01,102329,0.0,0.15932922241006947,True
S0096,1 day,24.0,0.03,102329,0.0,0.15932922241006947,True
S0096,1 day,24.0,0.05,102329,0.0,0.2986250232094519,True
S0086,1 day,24.0,0.01,101553,0.06739997863769531,0.0,False
S0086,1 day,24.0,0.03,101553,0.06739997863769531,0.0,False
S0086,1 day,24.0,0.05,101553,0.06739997863769531,0.0,False
S0012,1 day,24.0,0.01,65861,0.26800012588500977,0.0,False
S0012,1 day,24.0,0.03,65861,0.26800012588500977,0.0,False
S0012,1 day,24.0,0.05,65861,0.26800012588500977,0.0,False
S0058,1 day,24.0,0.01,101822,0.0,0.20179332560743257,True
S0058,1 day,24.0,0.03,101822,0.0,0.5346192374928798,True
S0058,1 day,24.0,0.05,101822,0.0,0.5508043448370686,True
S0079,1 day,24.0,0.01,102538,0.02459999918937683,0.0,False
S0079,1 day,24.0,0.03,102538,0.02459999918937683,0.019768281027521505,True
S0079,1 day,24.0,0.05,102538,0.02459999918937683,0.11213403811269969,True
S0081,1 day,24.0,0.01,102930,0.007999986410140991,0.00485767026134266,True
S0081,1 day,24.0,0.03,102930,0.007999986410140991,0.27090255513455747,True
S0081,1 day,24.0,0.05,102930,0.007999986410140991,0.34464198970173904,True
S0093,1 day,24.0,0.01,102918,0.008999824523925781,0.008171554052741017,True
S0093,1 day,24.0,0.03,102918,0.008999824523925781,0.08114226860218815,True
S0093,1 day,24.0,0.05,102918,0.008999824523925781,0.16538409218989875,True
S0072,1 day,24.0,0.01,100281,0.02779996395111084,0.0,False
S0072,1 day,24.0,0.03,100281,0.02779996395111084,2.991593621922398e-05,True
S0072,1 day,24.0,0.05,100281,0.02779996395111084,0.017012195729998705,True
S0046,1 day,24.0,0.01,94782,0.012399911880493164,0.0,False
S0046,1 day,24.0,0.03,94782,0.012399911880493164,0.041938342723301894,True
S0046,1 day,24.0,0.05,94782,0.012399911880493164,0.16947310670802473,True
S0078,1 day,24.0,0.01,102110,0.06679999828338623,0.0,False
S0078,1 day,24.0,0.03,102110,0.06679999828338623,0.0,False
S0078,1 day,24.0,0.05,102110,0.06679999828338623,0.0,False
S0067,1 day,24.0,0.01,98723,0.0,0.029851199821723406,True
S0067,1 day,24.0,0.03,98723,0.0,0.03075271213395055,True
S0067,1 day,24.0,0.05,98723,0.0,0.032657030276632595,True
S0069,1 day,24.0,0.01,102746,0.0,0.010511358106398302,True
S0069,1 day,24.0,0.03,102746,0.0,0.01339224884667043,True
S0069,1 day,24.0,0.05,102746,0.0,0.016565121756564733,True
S0055,1 day,24.0,0.01,102350,0.009000003337860107,0.000986809965803615,True
S0055,1 day,24.0,0.03,102350,0.009000003337860107,0.016424035173424525,True
S0055,1 day,24.0,0.05,102350,0.009000003337860107,0.019804592085979483,True
S0024,1 day,24.0,0.01,101041,0.07899999618530273,0.0,False
S0024,1 day,24.0,0.03,101041,0.07899999618530273,0.0,False
S0024,1 day,24.0,0.05,101041,0.07899999618530273,0.0,False
S0029,1 day,24.0,0.01,98060,0.07599997520446777,0.0,False
S0029,1 day,24.0,0.03,98060,0.07599997520446777,0.0,False
S0029,1 day,24.0,0.05,98060,0.07599997520446777,0.0,False
S0030,1 day,24.0,0.01,102245,0.04179999232292175,0.0,False
S0030,1 day,24.0,0.03,102245,0.04179999232292175,0.0,False
S0030,1 day,24.0,0.05,102245,0.04179999232292175,0.001819159861117903,True
S0035,1 day,24.0,0.01,101580,0.13539999723434448,0.0,False
S0035,1 day,24.0,0.03,101580,0.13539999723434448,0.0,False
S0035,1 day,24.0,0.05,101580,0.13539999723434448,0.0,False
S0034,1 day,24.0,0.01,102415,0.05040000379085541,0.0,False
S0034,1 day,24.0,0.03,102415,0.05040000379085541,0.0,False
S0034,1 day,24.0,0.05,102415,0.05040000379085541,0.0,False
S0064,1 day,24.0,0.01,100999,0.027000010013580322,0.0,False
S0064,1 day,24.0,0.03,100999,0.027000010013580322,0.0012376360161981802,True
S0064,1 day,24.0,0.05,100999,0.027000010013580322,0.002930722086357291,True
S0089,1 day,24.0,0.01,101112,0.0,0.1917576548777593,True
S0089,1 day,24.0,0.03,101112,0.0,0.21292230397974524,True
S0089,1 day,24.0,0.05,101112,0.0,0.23045731466097003,True
S0005,1 day,24.0,0.01,98764,0.0,0.0838463407719412,True
S0005,1 day,24.0,0.03,98764,0.0,0.4295087278765542,True
S0005,1 day,24.0,0.05,98764,0.0,0.4638329755781459,True
S0062,1 day,24.0,0.01,102037,0.0,0.16920332820447484,True
S0062,1 day,24.0,0.03,102037,0.0,0.18071875888158218,True
S0062,1 day,24.0,0.05,102037,0.0,0.1862657663396611,True
S0008,1 day,24.0,0.01,98843,0.01900005340576172,0.0,False
S0008,1 day,24.0,0.03,98843,0.01900005340576172,0.003500500794188764,True
S0008,1 day,24.0,0.05,98843,0.01900005340576172,0.05333711036694556,True
S0110,1 day,24.0,0.01,64469,0.0,0.4043959112131412,True
S0110,1 day,24.0,0.03,64469,0.0,0.4282678496641797,True
S0110,1 day,24.0,0.05,64469,0.0,0.4808047278536971,True
S0112,1 day,24.0,0.01,98843,0.0,0.0013759193873111905,True
S0112,1 day,24.0,0.03,98843,0.0,0.0016591969082282003,True
S0112,1 day,24.0,0.05,98843,0.0,0.011088291533037241,True
S0065,1 day,24.0,0.01,102335,0.0,0.006732789368251332,True
S0065,1 day,24.0,0.03,102335,0.0,0.007094346997605902,True
S0065,1 day,24.0,0.05,102335,0.0,0.009762055992573411,True
S0044,1 day,24.0,0.01,102060,0.0,0.01164021164021164,True
S0044,1 day,24.0,0.03,102060,0.0,0.25022535763276504,True
S0044,1 day,24.0,0.05,102060,0.0,0.6552812071330589,True
S0010,1 day,24.0,0.01,98843,0.12599992752075195,0.0,False
S0010,1 day,24.0,0.03,98843,0.12599992752075195,0.0,False
S0010,1 day,24.0,0.05,98843,0.12599992752075195,0.0,False
S0090,1 day,24.0,0.01,102346,0.04100000858306885,0.0,False
S0090,1 day,24.0,0.03,102346,0.04100000858306885,0.0,False
S0090,1 day,24.0,0.05,102346,0.04100000858306885,0.0020127801770464895,True
S0002,1 day,24.0,0.01,98764,0.01199999451637268,0.0,False
S0002,1 day,24.0,0.03,98764,0.01199999451637268,0.02720626949090762,True
S0002,1 day,24.0,0.05,98764,0.01199999451637268,0.08581061925397919,True
S0020,1 day,24.0,0.01,42191,0.17899999022483826,0.0,False
S0020,1 day,24.0,0.03,42191,0.17899999022483826,0.0,False
S0020,1 day,24.0,0.05,42191,0.17899999022483826,0.0,False
S0073,1 day,24.0,0.01,102608,0.02299998700618744,0.0,False
S0073,1 day,24.0,0.03,102608,0.02299998700618744,0.000584749727116794,True
S0073,1 day,24.0,0.05,102608,0.02299998700618744,0.004483081241228754,True
S0001,1 day,24.0,0.01,98410,0.01399993896484375,0.0,False
S0001,1 day,24.0,0.03,98410,0.01399993896484375,0.013545371405344986,True
S0001,1 day,24.0,0.05,98410,0.01399993896484375,0.06944416217864038,True
S0077,1 day,24.0,0.01,92029,0.0,0.022090862662856273,True
S0077,1 day,24.0,0.03,92029,0.0,0.022177791783024915,True
S0077,1 day,24.0,0.05,92029,0.0,0.022329917743320042,True
S0009,1 day,24.0,0.01,98629,0.0,0.41624674284439667,True
S0009,1 day,24.0,0.03,98629,0.0,0.5116345091200357,True
S0009,1 day,24.0,0.05,98629,0.0,0.5455799004349633,True
S0097,1 day,24.0,0.01,100452,0.12479996681213379,0.0,False
S0097,1 day,24.0,0.03,100452,0.12479996681213379,0.0,False
S0097,1 day,24.0,0.05,100452,0.12479996681213379,0.0,False
S0057,1 day,24.0,0.01,102585,0.0,0.041770239313739826,True
S0057,1 day,24.0,0.03,102585,0.0,0.06521421260418189,True
S0057,1 day,24.0,0.05,102585,0.0,0.11205341911585515,True
S0113,1 day,24.0,0.01,98573,0.056999921798706055,0.0,False
S0113,1 day,24.0,0.03,98573,0.056999921798706055,0.0,False
S0113,1 day,24.0,0.05,98573,0.056999921798706055,0.0,False
S0018,1 day,24.0,0.01,101646,0.06859999895095825,0.0,False
S0018,1 day,24.0,0.03,101646,0.06859999895095825,0.0,False
S0018,1 day,24.0,0.05,101646,0.06859999895095825,0.0,False
S0070,1 day,24.0,0.01,101898,0.02000001072883606,0.0,False
S0070,1 day,24.0,0.03,101898,0.02000001072883606,0.013474258572297788,True
S0070,1 day,24.0,0.05,101898,0.02000001072883606,0.14665646038195057,True
S0061,1 day,24.0,0.01,101832,0.03579998016357422,0.0,False
S0061,1 day,24.0,0.03,101832,0.03579998016357422,0.0,False
S0061,1 day,24.0,0.05,101832,0.03579998016357422,0.007797156100243539,True
S0007,1 day,24.0,0.01,98843,0.024000048637390137,0.0,False
S0007,1 day,24.0,0.03,98843,0.024000048637390137,0.001588377527998948,True
S0007,1 day,24.0,0.05,98843,0.024000048637390137,0.051293465394615705,True
S0101,1 day,24.0,0.01,102588,0.1286001205444336,0.0,False
S0101,1 day,24.0,0.03,102588,0.1286001205444336,0.0,False
S0101,1 day,24.0,0.05,102588,0.1286001205444336,0.0,False
S0066,1 day,24.0,0.01,101597,0.03319999575614929,0.0,False
S0066,1 day,24.0,0.03,101597,0.03319999575614929,0.0,False
S0066,1 day,24.0,0.05,101597,0.03319999575614929,0.05281652017283975,True
S0098,1 day,24.0,0.01,102468,0.0,0.07520396611625092,True
S0098,1 day,24.0,0.03,102468,0.0,0.08271850724128509,True
S0098,1 day,24.0,0.05,102468,0.0,0.10137799117773354,True
S0099,1 day,24.0,0.01,102401,0.0,0.059003330045605026,True
S0099,1 day,24.0,0.03,102401,0.0,0.09745998574232674,True
S0099,1 day,24.0,0.05,102401,0.0,0.3700940420503706,True
S0017,1 day,24.0,0.01,102032,0.0,0.0032636819821232556,True
S0017,1 day,24.0,0.03,102032,0.0,0.005498275050964403,True
S0017,1 day,24.0,0.05,102032,0.0,0.015475537086404265,True
S0004,1 day,24.0,0.01,98738,0.06699991226196289,0.0,False
S0004,1 day,24.0,0.03,98738,0.06699991226196289,0.0,False
S0004,1 day,24.0,0.05,98738,0.06699991226196289,0.0,False
S0094,1 day,24.0,0.01,85260,0.050000011920928955,0.0,False
S0094,1 day,24.0,0.03,85260,0.050000011920928955,0.0,False
S0094,1 day,24.0,0.05,85260,0.050000011920928955,0.0,False
S0011,1 day,24.0,0.01,98564,0.006999969482421875,0.002820502414674729,True
S0011,1 day,24.0,0.03,98564,0.006999969482421875,0.08232214601680127,True
S0011,1 day,24.0,0.05,98564,0.006999969482421875,0.2711233310336431,True
S0027,1 day,24.0,0.01,102573,0.0015999972820281982,0.05596989461164244,True
S0027,1 day,24.0,0.03,102573,0.0015999972820281982,0.4930732258976534,True
S0027,1 day,24.0,0.05,102573,0.0015999972820281982,0.8101839665409025,True
S0088,1 day,24.0,0.01,66629,0.02399998903274536,0.0,False
S0088,1 day,24.0,0.03,66629,0.02399998903274536,0.004337450659622687,True
S0088,1 day,24.0,0.05,66629,0.02399998903274536,0.017409836557655076,True
S0016,1 day,24.0,0.01,100110,0.008599996566772461,0.0007291978823294376,True
S0016,1 day,24.0,0.03,100110,0.008599996566772461,0.23584057536709618,True
S0016,1 day,24.0,0.05,100110,0.008599996566772461,0.3471781040855059,True
S0028,1 day,24.0,0.01,74760,0.18420004844665527,0.0,False
S0028,1 day,24.0,0.03,74760,0.18420004844665527,0.0,False
S0028,1 day,24.0,0.05,74760,0.18420004844665527,0.0,False
S0033,1 day,24.0,0.01,100641,0.14680004119873047,0.0,False
S0033,1 day,24.0,0.03,100641,0.14680004119873047,0.0,False
S0033,1 day,24.0,0.05,100641,0.14680004119873047,0.0,False
S0083,1 day,24.0,0.01,102885,0.052199989557266235,0.0,False
S0083,1 day,24.0,0.03,102885,0.052199989557266235,0.0,False
S0083,1 day,24.0,0.05,102885,0.052199989557266235,0.0,False
S0003,1 day,24.0,0.01,98355,0.0,0.16304204158405775,True
S0003,1 day,24.0,0.03,98355,0.0,0.2697168420517513,True
S0003,1 day,24.0,0.05,98355,0.0,0.48040262315083115,True
S0037,1 week,168.0,0.01,100661,0.026999950408935547,0.0,False
S0037,1 week,168.0,0.03,100661,0.026999950408935547,0.0016590337866701106,True
S0037,1 week,168.0,0.05,100661,0.026999950408935547,0.002861088206952047,True
S0087,1 week,168.0,0.01,98765,0.06060004234313965,0.0,False
S0087,1 week,168.0,0.03,98765,0.06060004234313965,0.0,False
S0087,1 week,168.0,0.05,98765,0.06060004234313965,0.0,False
S0091,1 week,168.0,0.01,101255,0.12379997968673706,0.0,False
S0091,1 week,168.0,0.03,101255,0.12379997968673706,0.0,False
S0091,1 week,168.0,0.05,101255,0.12379997968673706,0.0,False
S0047,1 week,168.0,0.01,99821,0.10140001773834229,0.0,False
S0047,1 week,168.0,0.03,99821,0.10140001773834229,0.0,False
S0047,1 week,168.0,0.05,99821,0.10140001773834229,0.0,False
S0045,1 week,168.0,0.01,99336,0.05460000038146973,0.0,False
S0045,1 week,168.0,0.03,99336,0.05460000038146973,0.0,False
S0045,1 week,168.0,0.05,99336,0.05460000038146973,0.0,False
S0049,1 week,168.0,0.01,23773,0.04360002279281616,0.0,False
S0049,1 week,168.0,0.03,23773,0.04360002279281616,0.0,False
S0049,1 week,168.0,0.05,23773,0.04360002279281616,0.07066840533378202,True
S0022,1 week,168.0,0.01,100447,0.0,0.06404372455125588,True
S0022,1 week,168.0,0.03,100447,0.0,0.06450167750156799,True
S0022,1 week,168.0,0.05,100447,0.0,0.06883231953169333,True
S0095,1 week,168.0,0.01,91363,0.7536001205444336,0.0,False
S0095,1 week,168.0,0.03,91363,0.7536001205444336,0.0,False
S0095,1 week,168.0,0.05,91363,0.7536001205444336,0.0,False
S0041,1 week,168.0,0.01,89035,0.3256000056862831,0.0,False
S0041,1 week,168.0,0.03,89035,0.3256000056862831,0.0,False
S0041,1 week,168.0,0.05,89035,0.3256000056862831,0.0,False
S0042,1 week,168.0,0.01,89019,0.18599995970726013,0.0,False
S0042,1 week,168.0,0.03,89019,0.18599995970726013,0.0,False
S0042,1 week,168.0,0.05,89019,0.18599995970726013,0.0,False
S0068,1 week,168.0,0.01,70313,0.12019997835159302,0.0,False
S0068,1 week,168.0,0.03,70313,0.12019997835159302,0.0,False
S0068,1 week,168.0,0.05,70313,0.12019997835159302,0.0,False
S0043,1 week,168.0,0.01,89009,0.11479997634887695,0.0,False
S0043,1 week,168.0,0.03,89009,0.11479997634887695,0.0,False
S0043,1 week,168.0,0.05,89009,0.11479997634887695,0.0,False
S0026,1 week,168.0,0.01,100506,0.7999997138977051,0.0,False
S0026,1 week,168.0,0.03,100506,0.7999997138977051,0.0,False
S0026,1 week,168.0,0.05,100506,0.7999997138977051,0.0,False
S0036,1 week,168.0,0.01,101255,0.004999998956918716,0.06336477211001926,True
S0036,1 week,168.0,0.03,101255,0.004999998956918716,0.11885832798380327,True
S0036,1 week,168.0,0.05,101255,0.004999998956918716,0.11890770826132042,True
S0109,1 week,168.0,0.01,100357,0.10119986534118652,0.0,False
S0109,1 week,168.0,0.03,100357,0.10119986534118652,0.0,False
S0109,1 week,168.0,0.05,100357,0.10119986534118652,0.0,False
S0006,1 week,168.0,0.01,97461,0.03199999779462814,0.0,False
S0006,1 week,168.0,0.03,97461,0.03199999779462814,0.0,False
S0006,1 week,168.0,0.05,97461,0.03199999779462814,0.20625686171904659,True
S0014,1 week,168.0,0.01,97461,0.12799996137619019,0.0,False
S0014,1 week,168.0,0.03,97461,0.12799996137619019,0.0,False
S0014,1 week,168.0,0.05,97461,0.12799996137619019,0.0,False
S0031,1 week,168.0,0.01,88512,0.0,0.0021917932031814895,True
S0031,1 week,168.0,0.03,88512,0.0,0.002282176428054953,True
S0031,1 week,168.0,0.05,88512,0.0,0.002327368040491685,True
S0013,1 week,168.0,0.01,97461,0.0009999945759773254,0.10430839002267574,True
S0013,1 week,168.0,0.03,97461,0.0009999945759773254,0.10980802577441233,True
S0013,1 week,168.0,0.05,97461,0.0009999945759773254,0.13971742543171115,True
S0076,1 week,168.0,0.01,89010,0.14419996738433838,0.0,False
S0076,1 week,168.0,0.03,89010,0.14419996738433838,0.0,False
S0076,1 week,168.0,0.05,89010,0.14419996738433838,0.0,False
S0015,1 week,168.0,0.01,79999,0.0,0.0012250153126914087,True
S0015,1 week,168.0,0.03,79999,0.0,0.023587794847435593,True
S0015,1 week,168.0,0.05,79999,0.0,0.03078788484856061,True
S0032,1 week,168.0,0.01,101255,0.49539998173713684,0.0,False
S0032,1 week,168.0,0.03,101255,0.49539998173713684,0.0,False
S0032,1 week,168.0,0.05,101255,0.49539998173713684,0.0,False
S0107,1 week,168.0,0.01,95511,0.10500001907348633,0.0,False
S0107,1 week,168.0,0.03,95511,0.10500001907348633,0.0,False
S0107,1 week,168.0,0.05,95511,0.10500001907348633,0.0,False
S0085,1 week,168.0,0.01,101246,0.0,0.028297414218833337,True
S0085,1 week,168.0,0.03,101246,0.0,0.028297414218833337,True
S0085,1 week,168.0,0.05,101246,0.0,0.028297414218833337,True
S0108,1 week,168.0,0.01,73453,0.6402000188827515,0.0,False
S0108,1 week,168.0,0.03,73453,0.6402000188827515,0.0,False
S0108,1 week,168.0,0.05,73453,0.6402000188827515,0.0,False
S0084,1 week,168.0,0.01,101175,0.044199999421834946,0.0,False
S0084,1 week,168.0,0.03,101175,0.044199999421834946,0.0,False
S0084,1 week,168.0,0.05,101175,0.044199999421834946,0.059629355077835434,True
S0082,1 week,168.0,0.01,100709,0.12480001151561737,0.0,False
S0082,1 week,168.0,0.03,100709,0.12480001151561737,0.0,False
S0082,1 week,168.0,0.05,100709,0.12480001151561737,0.0,False
S0060,1 week,168.0,0.01,100700,0.02799999713897705,0.0,False
S0060,1 week,168.0,0.03,100700,0.02799999713897705,0.004419066534260179,True
S0060,1 week,168.0,0.05,100700,0.02799999713897705,0.038152929493545186,True
S0039,1 week,168.0,0.01,100690,0.14179998636245728,0.0,False
S0039,1 week,168.0,0.03,100690,0.14179998636245728,0.0,False
S0039,1 week,168.0,0.05,100690,0.14179998636245728,0.0,False
S0051,1 week,168.0,0.01,100714,0.0,0.30042496574458366,True
S0051,1 week,168.0,0.03,100714,0.0,0.30042496574458366,True
S0051,1 week,168.0,0.05,100714,0.0,0.30042496574458366,True
S0050,1 week,168.0,0.01,100649,0.029999971389770508,0.0,False
S0050,1 week,168.0,0.03,100649,0.029999971389770508,0.001271746366084114,True
S0050,1 week,168.0,0.05,100649,0.029999971389770508,0.06053711412930084,True
S0075,1 week,168.0,0.01,96124,0.0,0.4410449003370646,True
S0075,1 week,168.0,0.03,96124,0.0,0.5920997877741251,True
S0075,1 week,168.0,0.05,96124,0.0,0.6390079480670801,True
S0025,1 week,168.0,0.01,100491,0.07899999618530273,0.0,False
S0025,1 week,168.0,0.03,100491,0.07899999618530273,0.0,False
S0025,1 week,168.0,0.05,100491,0.07899999618530273,0.0,False
S0100,1 week,168.0,0.01,100691,0.031000003218650818,0.0,False
S0100,1 week,168.0,0.03,100691,0.031000003218650818,0.0,False
S0100,1 week,168.0,0.05,100691,0.031000003218650818,0.25533563079123256,True
S0054,1 week,168.0,0.01,100644,0.020999997854232788,0.0,False
S0054,1 week,168.0,0.03,100644,0.020999997854232788,0.0033385000596160724,True
S0054,1 week,168.0,0.05,100644,0.020999997854232788,0.0034378601804379793,True
S0103,1 week,168.0,0.01,93312,0.0,0.005572702331961592,True
S0103,1 week,168.0,0.03,93312,0.0,0.005572702331961592,True
S0103,1 week,168.0,0.05,93312,0.0,0.005572702331961592,True
S0106,1 week,168.0,0.01,101252,0.07539999485015869,0.0,False
S0106,1 week,168.0,0.03,101252,0.07539999485015869,0.0,False
S0106,1 week,168.0,0.05,101252,0.07539999485015869,0.0,False
S0048,1 week,168.0,0.01,96076,0.010999999940395355,0.0,False
S0048,1 week,168.0,0.03,96076,0.010999999940395355,0.18336525250843083,True
S0048,1 week,168.0,0.05,96076,0.010999999940395355,0.21907656438652734,True
S0040,1 week,168.0,0.01,97036,0.07660001516342163,0.0,False
S0040,1 week,168.0,0.03,97036,0.07660001516342163,0.0,False
S0040,1 week,168.0,0.05,97036,0.07660001516342163,0.0,False
S0063,1 week,168.0,0.01,100711,0.037599995732307434,0.0,False
S0063,1 week,168.0,0.03,100711,0.037599995732307434,0.0,False
S0063,1 week,168.0,0.05,100711,0.037599995732307434,0.0942697421334313,True
S0038,1 week,168.0,0.01,100250,0.753333568572998,0.0,False
S0038,1 week,168.0,0.03,100250,0.753333568572998,0.0,False
S0038,1 week,168.0,0.05,100250,0.753333568572998,0.0,False
S0052,1 week,168.0,0.01,95127,0.10899996757507324,0.0,False
S0052,1 week,168.0,0.03,95127,0.10899996757507324,0.0,False
S0052,1 week,168.0,0.05,95127,0.10899996757507324,0.0,False
S0080,1 week,168.0,0.01,100726,0.7091999053955078,0.0,False
S0080,1 week,168.0,0.03,100726,0.7091999053955078,0.0,False
S0080,1 week,168.0,0.05,100726,0.7091999053955078,0.0,False
S0105,1 week,168.0,0.01,99036,0.7311997413635254,0.0,False
S0105,1 week,168.0,0.03,99036,0.7311997413635254,0.0,False
S0105,1 week,168.0,0.05,99036,0.7311997413635254,0.0,False
S0059,1 week,168.0,0.01,100664,0.03299999237060547,0.0,False
S0059,1 week,168.0,0.03,100664,0.03299999237060547,0.0,False
S0059,1 week,168.0,0.05,100664,0.03299999237060547,0.06311094333624732,True
S0111,1 week,168.0,0.01,97460,0.12999999523162842,0.0,False
S0111,1 week,168.0,0.03,97460,0.12999999523162842,0.0,False
S0111,1 week,168.0,0.05,97460,0.12999999523162842,0.0,False
S0104,1 week,168.0,0.01,100711,0.04379996657371521,0.0,False
S0104,1 week,168.0,0.03,100711,0.04379996657371521,0.0,False
S0104,1 week,168.0,0.05,100711,0.04379996657371521,0.013553633664644378,True
S0053,1 week,168.0,0.01,99087,0.0,0.04941112355808532,True
S0053,1 week,168.0,0.03,99087,0.0,0.0497340720780728,True
S0053,1 week,168.0,0.05,99087,0.0,0.06217768223884061,True
S0056,1 week,168.0,0.01,100654,0.2953999638557434,0.0,False
S0056,1 week,168.0,0.03,100654,0.2953999638557434,0.0,False
S0056,1 week,168.0,0.05,100654,0.2953999638557434,0.0,False
S0102,1 week,168.0,0.01,97380,0.0,0.04970219757650442,True
S0102,1 week,168.0,0.03,97380,0.0,0.0498870404600534,True
S0102,1 week,168.0,0.05,97380,0.0,0.05053399055247484,True
S0019,1 week,168.0,0.01,82998,0.0,0.12270175184944215,True
S0019,1 week,168.0,0.03,82998,0.0,0.12270175184944215,True
S0019,1 week,168.0,0.05,82998,0.0,0.12270175184944215,True
S0021,1 week,168.0,0.01,64874,0.0,0.0423590344359836,True
S0021,1 week,168.0,0.03,64874,0.0,0.0423590344359836,True
S0021,1 week,168.0,0.05,64874,0.0,0.0423590344359836,True
S0074,1 week,168.0,0.01,101255,0.008999999612569809,0.006271295244679275,True
S0074,1 week,168.0,0.03,101255,0.008999999612569809,0.03254160288380821,True
S0074,1 week,168.0,0.05,101255,0.008999999612569809,0.03254160288380821,True
S0023,1 week,168.0,0.01,71823,0.0,0.12482073987441349,True
S0023,1 week,168.0,0.03,71823,0.0,0.12746613201899112,True
S0023,1 week,168.0,0.05,71823,0.0,0.12748005513554153,True
S0092,1 week,168.0,0.01,76305,0.768000066280365,0.0,False
S0092,1 week,168.0,0.03,76305,0.768000066280365,0.0,False
S0092,1 week,168.0,0.05,76305,0.768000066280365,0.0,False
S0071,1 week,168.0,0.01,86375,0.17000001668930054,0.0,False
S0071,1 week,168.0,0.03,86375,0.17000001668930054,0.0,False
S0071,1 week,168.0,0.05,86375,0.17000001668930054,0.0,False
S0096,1 week,168.0,0.01,100663,0.0,0.14479997615807197,True
S0096,1 week,168.0,0.03,100663,0.0,0.14479997615807197,True
S0096,1 week,168.0,0.05,100663,0.0,0.15088960193914347,True
S0086,1 week,168.0,0.01,100611,0.16860008239746094,0.0,False
S0086,1 week,168.0,0.03,100611,0.16860008239746094,0.0,False
S0086,1 week,168.0,0.05,100611,0.16860008239746094,0.0,False
S0012,1 week,168.0,0.01,64481,1.062999963760376,0.0,False
S0012,1 week,168.0,0.03,64481,1.062999963760376,0.0,False
S0012,1 week,168.0,0.05,64481,1.062999963760376,0.0,False
S0058,1 week,168.0,0.01,98877,0.00399999984074384,0.04732141954145049,True
S0058,1 week,168.0,0.03,98877,0.00399999984074384,0.14884148993193563,True
S0058,1 week,168.0,0.05,98877,0.00399999984074384,0.2746543685589166,True
S0079,1 week,168.0,0.01,100612,0.04100000858306885,0.0,False
S0079,1 week,168.0,0.03,100612,0.04100000858306885,0.0,False
S0079,1 week,168.0,0.05,100612,0.04100000858306885,0.01954041267443247,True
S0081,1 week,168.0,0.01,101263,0.01340000331401825,0.0,False
S0081,1 week,168.0,0.03,101263,0.01340000331401825,0.04573239979064416,True
S0081,1 week,168.0,0.05,101263,0.01340000331401825,0.10698873231091317,True
S0093,1 week,168.0,0.01,101235,0.023000001907348633,0.0,False
S0093,1 week,168.0,0.03,101235,0.023000001907348633,0.004929125302513953,True
S0093,1 week,168.0,0.05,101235,0.023000001907348633,0.049903689435471923,True
S0072,1 week,168.0,0.01,98701,0.06180000305175781,0.0,False
S0072,1 week,168.0,0.03,98701,0.06180000305175781,0.0,False
S0072,1 week,168.0,0.05,98701,0.06180000305175781,0.0,False
S0046,1 week,168.0,0.01,95111,0.05579996109008789,0.0,False
S0046,1 week,168.0,0.03,95111,0.05579996109008789,0.0,False
S0046,1 week,168.0,0.05,95111,0.05579996109008789,0.0,False
S0078,1 week,168.0,0.01,100637,0.7960000187158585,0.0,False
S0078,1 week,168.0,0.03,100637,0.7960000187158585,0.0,False
S0078,1 week,168.0,0.05,100637,0.7960000187158585,0.0,False
S0067,1 week,168.0,0.01,97165,0.0875999927520752,0.0,False
S0067,1 week,168.0,0.03,97165,0.0875999927520752,0.0,False
S0067,1 week,168.0,0.05,97165,0.0875999927520752,0.0,False
S0069,1 week,168.0,0.01,101232,0.15599998831748962,0.0,False
S0069,1 week,168.0,0.03,101232,0.15599998831748962,0.0,False
S0069,1 week,168.0,0.05,101232,0.15599998831748962,0.0,False
S0055,1 week,168.0,0.01,100653,0.11719995737075806,0.0,False
S0055,1 week,168.0,0.03,100653,0.11719995737075806,0.0,False
S0055,1 week,168.0,0.05,100653,0.11719995737075806,0.0,False
S0024,1 week,168.0,0.01,100362,0.13199996948242188,0.0,False
S0024,1 week,168.0,0.03,100362,0.13199996948242188,0.0,False
S0024,1 week,168.0,0.05,100362,0.13199996948242188,0.0,False
S0029,1 week,168.0,0.01,96140,0.14000004529953003,0.0,False
S0029,1 week,168.0,0.03,96140,0.14000004529953003,0.0,False
S0029,1 week,168.0,0.05,96140,0.14000004529953003,0.0,False
S0030,1 week,168.0,0.01,100721,0.07140001654624939,0.0,False
S0030,1 week,168.0,0.03,100721,0.07140001654624939,0.0,False
S0030,1 week,168.0,0.05,100721,0.07140001654624939,0.0,False
S0035,1 week,168.0,0.01,100709,0.21719999611377716,0.0,False
S0035,1 week,168.0,0.03,100709,0.21719999611377716,0.0,False
S0035,1 week,168.0,0.05,100709,0.21719999611377716,0.0,False
S0034,1 week,168.0,0.01,100674,0.1849999874830246,0.0,False
S0034,1 week,168.0,0.03,100674,0.1849999874830246,0.0,False
S0034,1 week,168.0,0.05,100674,0.1849999874830246,0.0,False
S0064,1 week,168.0,0.01,100555,0.12800002098083496,0.0,False
S0064,1 week,168.0,0.03,100555,0.12800002098083496,0.0,False
S0064,1 week,168.0,0.05,100555,0.12800002098083496,0.0,False
S0089,1 week,168.0,0.01,98830,0.0,0.03613275321258727,True
S0089,1 week,168.0,0.03,98830,0.0,0.041121117069715676,True
S0089,1 week,168.0,0.05,98830,0.0,0.04114135383992715,True
S0005,1 week,168.0,0.01,97461,0.014000006020069122,0.0,False
S0005,1 week,168.0,0.03,97461,0.014000006020069122,0.15996142046562215,True
S0005,1 week,168.0,0.05,97461,0.014000006020069122,0.16757472219657094,True
S0062,1 week,168.0,0.01,100611,0.0,0.023168440826549782,True
S0062,1 week,168.0,0.03,100611,0.0,0.023168440826549782,True
S0062,1 week,168.0,0.05,100611,0.0,0.02730317758495592,True
S0008,1 week,168.0,0.01,97461,0.15599989891052246,0.0,False
S0008,1 week,168.0,0.03,97461,0.15599989891052246,0.0,False
S0008,1 week,168.0,0.05,97461,0.15599989891052246,0.0,False
S0110,1 week,168.0,0.01,63086,0.0,0.28440541483054876,True
S0110,1 week,168.0,0.03,63086,0.0,0.2989728307389912,True
S0110,1 week,168.0,0.05,63086,0.0,0.3058047744348984,True
S0112,1 week,168.0,0.01,97461,0.2914999723434448,0.0,False
S0112,1 week,168.0,0.03,97461,0.2914999723434448,0.0,False
S0112,1 week,168.0,0.05,97461,0.2914999723434448,0.0,False
S0065,1 week,168.0,0.01,100706,0.4259999990463257,0.0,False
S0065,1 week,168.0,0.03,100706,0.4259999990463257,0.0,False
S0065,1 week,168.0,0.05,100706,0.4259999990463257,0.0,False
S0044,1 week,168.0,0.01,100608,0.020800024271011353,0.0,False
S0044,1 week,168.0,0.03,100608,0.020800024271011353,0.018696326335877863,True
S0044,1 week,168.0,0.05,100608,0.020800024271011353,0.16766062340966922,True
S0010,1 week,168.0,0.01,97461,0.30699992179870605,0.0,False
S0010,1 week,168.0,0.03,97461,0.30699992179870605,0.0,False
S0010,1 week,168.0,0.05,97461,0.30699992179870605,0.0,False
S0090,1 week,168.0,0.01,100622,0.10159999132156372,0.0,False
S0090,1 week,168.0,0.03,100622,0.10159999132156372,0.0,False
S0090,1 week,168.0,0.05,100622,0.10159999132156372,0.0,False
S0002,1 week,168.0,0.01,97461,0.0740000307559967,0.0,False
S0002,1 week,168.0,0.03,97461,0.0740000307559967,0.0,False
S0002,1 week,168.0,0.05,97461,0.0740000307559967,0.0,False
S0020,1 week,168.0,0.01,39963,0.5736000537872314,0.0,False
S0020,1 week,168.0,0.03,39963,0.5736000537872314,0.0,False
S0020,1 week,168.0,0.05,39963,0.5736000537872314,0.0,False
S0073,1 week,168.0,0.01,100663,0.27139997482299805,0.0,False
S0073,1 week,168.0,0.03,100663,0.27139997482299805,0.0,False
S0073,1 week,168.0,0.05,100663,0.27139997482299805,0.0,False
S0001,1 week,168.0,0.01,97461,0.11899995803833008,0.0,False
S0001,1 week,168.0,0.03,97461,0.11899995803833008,0.0,False
S0001,1 week,168.0,0.05,97461,0.11899995803833008,0.0,False
S0077,1 week,168.0,0.01,89735,0.1470000147819519,0.0,False
S0077,1 week,168.0,0.03,89735,0.1470000147819519,0.0,False
S0077,1 week,168.0,0.05,89735,0.1470000147819519,0.0,False
S0009,1 week,168.0,0.01,97461,0.00299999862909317,0.02903725592801223,True
S0009,1 week,168.0,0.03,97461,0.00299999862909317,0.029047516442474424,True
S0009,1 week,168.0,0.05,97461,0.00299999862909317,0.029047516442474424,True
S0097,1 week,168.0,0.01,98818,0.32200001180171967,0.0,False
S0097,1 week,168.0,0.03,98818,0.32200001180171967,0.0,False
S0097,1 week,168.0,0.05,98818,0.32200001180171967,0.0,False
S0057,1 week,168.0,0.01,100680,0.0,0.005909813269765594,True
S0057,1 week,168.0,0.03,100680,0.0,0.005909813269765594,True
S0057,1 week,168.0,0.05,100680,0.0,0.017034167659912593,True
S0113,1 week,168.0,0.01,97461,0.4350000023841858,0.0,False
S0113,1 week,168.0,0.03,97461,0.4350000023841858,0.0,False
S0113,1 week,168.0,0.05,97461,0.4350000023841858,0.0,False
S0018,1 week,168.0,0.01,99115,0.29760000109672546,0.0,False
S0018,1 week,168.0,0.03,99115,0.29760000109672546,0.0,False
S0018,1 week,168.0,0.05,99115,0.29760000109672546,0.0,False
S0070,1 week,168.0,0.01,100523,0.04960000514984131,0.0,False
S0070,1 week,168.0,0.03,100523,0.04960000514984131,0.0,False
S0070,1 week,168.0,0.05,100523,0.04960000514984131,0.0009550053221650766,True
S0061,1 week,168.0,0.01,99656,0.08340001106262207,0.0,False
S0061,1 week,168.0,0.03,99656,0.08340001106262207,0.0,False
S0061,1 week,168.0,0.05,99656,0.08340001106262207,0.0,False
S0007,1 week,168.0,0.01,97461,0.0679999589920044,0.0,False
S0007,1 week,168.0,0.03,97461,0.0679999589920044,0.0,False
S0007,1 week,168.0,0.05,97461,0.0679999589920044,0.0,False
S0101,1 week,168.0,0.01,100739,0.437999963760376,0.0,False
S0101,1 week,168.0,0.03,100739,0.437999963760376,0.0,False
S0101,1 week,168.0,0.05,100739,0.437999963760376,0.0,False
S0066,1 week,168.0,0.01,99246,0.06719999015331268,0.0,False
S0066,1 week,168.0,0.03,99246,0.06719999015331268,0.0,False
S0066,1 week,168.0,0.05,99246,0.06719999015331268,0.0,False
S0098,1 week,168.0,0.01,100646,0.0,0.03202313057647597,True
S0098,1 week,168.0,0.03,100646,0.0,0.03202313057647597,True
S0098,1 week,168.0,0.05,100646,0.0,0.03202313057647597,True
S0099,1 week,168.0,0.01,100675,0.0,0.015495406009436306,True
S0099,1 week,168.0,0.03,100675,0.0,0.015952321827663273,True
S0099,1 week,168.0,0.05,100675,0.0,0.016180779736776757,True
S0017,1 week,168.0,0.01,100655,0.11260000616312027,0.0,False
S0017,1 week,168.0,0.03,100655,0.11260000616312027,0.0,False
S0017,1 week,168.0,0.05,100655,0.11260000616312027,0.0,False
S0004,1 week,168.0,0.01,97461,0.20300006866455078,0.0,False
S0004,1 week,168.0,0.03,97461,0.20300006866455078,0.0,False
S0004,1 week,168.0,0.05,97461,0.20300006866455078,0.0,False
S0094,1 week,168.0,0.01,82585,0.3370000123977661,0.0,False
S0094,1 week,168.0,0.03,82585,0.3370000123977661,0.0,False
S0094,1 week,168.0,0.05,82585,0.3370000123977661,0.0,False
S0011,1 week,168.0,0.01,97461,0.0419999361038208,0.0,False
S0011,1 week,168.0,0.03,97461,0.0419999361038208,0.0,False
S0011,1 week,168.0,0.05,97461,0.0419999361038208,0.027210884353741496,True
S0027,1 week,168.0,0.01,100666,0.010999998077750206,0.0,False
S0027,1 week,168.0,0.03,100666,0.010999998077750206,0.04335128047205611,True
S0027,1 week,168.0,0.05,100666,0.010999998077750206,0.22399817217332565,True
S0088,1 week,168.0,0.01,65917,0.27619999647140503,0.0,False
S0088,1 week,168.0,0.03,65917,0.27619999647140503,0.0,False
S0088,1 week,168.0,0.05,65917,0.27619999647140503,0.0,False
S0016,1 week,168.0,0.01,97850,0.04640001058578491,0.0,False
S0016,1 week,168.0,0.03,97850,0.04640001058578491,0.0,False
S0016,1 week,168.0,0.05,97850,0.04640001058578491,0.000858456821665815,True
S0028,1 week,168.0,0.01,71437,0.3229999542236328,0.0,False
S0028,1 week,168.0,0.03,71437,0.3229999542236328,0.0,False
S0028,1 week,168.0,0.05,71437,0.3229999542236328,0.0,False
S0033,1 week,168.0,0.01,101262,0.26020002365112305,0.0,False
S0033,1 week,168.0,0.03,101262,0.26020002365112305,0.0,False
S0033,1 week,168.0,0.05,101262,0.26020002365112305,0.0,False
S0083,1 week,168.0,0.01,101172,0.0835999846458435,0.0,False
S0083,1 week,168.0,0.03,101172,0.0835999846458435,0.0,False
S0083,1 week,168.0,0.05,101172,0.0835999846458435,0.0,False
S0003,1 week,168.0,0.01,97461,0.000999998301267624,0.05920316844686593,True
S0003,1 week,168.0,0.03,97461,0.000999998301267624,0.06482593037214886,True
S0003,1 week,168.0,0.05,97461,0.000999998301267624,0.15503637352376848,True
S0037,1 month,720.0,0.01,98147,1.2790001034736633,0.0,False
S0037,1 month,720.0,0.03,98147,1.2790001034736633,0.0,False
S0037,1 month,720.0,0.05,98147,1.2790001034736633,0.0,False
S0087,1 month,720.0,0.01,94239,0.3545999526977539,0.0,False
S0087,1 month,720.0,0.03,94239,0.3545999526977539,0.0,False
S0087,1 month,720.0,0.05,94239,0.3545999526977539,0.0,False
S0091,1 month,720.0,0.01,98189,0.30740000307559967,0.0,False
S0091,1 month,720.0,0.03,98189,0.30740000307559967,0.0,False
S0091,1 month,720.0,0.05,98189,0.30740000307559967,0.0,False
S0047,1 month,720.0,0.01,95641,1.901199996471405,0.0,False
S0047,1 month,720.0,0.03,95641,1.901199996471405,0.0,False
S0047,1 month,720.0,0.05,95641,1.901199996471405,0.0,False
S0045,1 month,720.0,0.01,97967,0.113800048828125,0.0,False
S0045,1 month,720.0,0.03,97967,0.113800048828125,0.0,False
S0045,1 month,720.0,0.05,97967,0.113800048828125,0.0,False
S0049,1 month,720.0,0.01,14107,0.9919999837875366,0.0,False
S0049,1 month,720.0,0.03,14107,0.9919999837875366,0.0,False
S0049,1 month,720.0,0.05,14107,0.9919999837875366,0.0,False
S0022,1 month,720.0,0.01,97391,0.36039999127388,0.0,False
S0022,1 month,720.0,0.03,97391,0.36039999127388,0.0,False
S0022,1 month,720.0,0.05,97391,0.36039999127388,0.0,False
S0095,1 month,720.0,0.01,88447,2.561800003051758,0.0,False
S0095,1 month,720.0,0.03,88447,2.561800003051758,0.0,False
S0095,1 month,720.0,0.05,88447,2.561800003051758,0.0,False
S0041,1 month,720.0,0.01,85978,0.44759999588131905,0.0,False
S0041,1 month,720.0,0.03,85978,0.44759999588131905,0.0,False
S0041,1 month,720.0,0.05,85978,0.44759999588131905,0.0,False
S0042,1 month,720.0,0.01,85978,0.37699997425079346,0.0,False
S0042,1 month,720.0,0.03,85978,0.37699997425079346,0.0,False
S0042,1 month,720.0,0.05,85978,0.37699997425079346,0.0,False
S0068,1 month,720.0,0.01,67514,0.19679999351501465,0.0,False
S0068,1 month,720.0,0.03,67514,0.19679999351501465,0.0,False
S0068,1 month,720.0,0.05,67514,0.19679999351501465,0.0,False
S0043,1 month,720.0,0.01,85964,1.1360000669956207,0.0,False
S0043,1 month,720.0,0.03,85964,1.1360000669956207,0.0,False
S0043,1 month,720.0,0.05,85964,1.1360000669956207,0.0,False
S0026,1 month,720.0,0.01,97476,2.3859996795654297,0.0,False
S0026,1 month,720.0,0.03,97476,2.3859996795654297,0.0,False
S0026,1 month,720.0,0.05,97476,2.3859996795654297,0.0,False
S0036,1 month,720.0,0.01,98184,0.1499999761581421,0.0,False
S0036,1 month,720.0,0.03,98184,0.1499999761581421,0.0,False
S0036,1 month,720.0,0.05,98184,0.1499999761581421,0.0,False
S0109,1 month,720.0,0.01,98201,0.3655998706817627,0.0,False
S0109,1 month,720.0,0.03,98201,0.3655998706817627,0.0,False
S0109,1 month,720.0,0.05,98201,0.3655998706817627,0.0,False
S0006,1 month,720.0,0.01,92123,0.058000000193715096,0.0,False
S0006,1 month,720.0,0.03,92123,0.058000000193715096,0.0,False
S0006,1 month,720.0,0.05,92123,0.058000000193715096,0.0,False
S0014,1 month,720.0,0.01,92159,0.22899997234344482,0.0,False
S0014,1 month,720.0,0.03,92159,0.22899997234344482,0.0,False
S0014,1 month,720.0,0.05,92159,0.22899997234344482,0.0,False
S0031,1 month,720.0,0.01,85959,1.5835999250411987,0.0,False
S0031,1 month,720.0,0.03,85959,1.5835999250411987,0.0,False
S0031,1 month,720.0,0.05,85959,1.5835999250411987,0.0,False
S0013,1 month,720.0,0.01,92157,0.7099999785423279,0.0,False
S0013,1 month,720.0,0.03,92157,0.7099999785423279,0.0,False
S0013,1 month,720.0,0.05,92157,0.7099999785423279,0.0,False
S0076,1 month,720.0,0.01,85978,1.7313997745513916,0.0,False
S0076,1 month,720.0,0.03,85978,1.7313997745513916,0.0,False
S0076,1 month,720.0,0.05,85978,1.7313997745513916,0.0,False
S0015,1 month,720.0,0.01,69221,0.42899996042251587,0.0,False
S0015,1 month,720.0,0.03,69221,0.42899996042251587,0.0,False
S0015,1 month,720.0,0.05,69221,0.42899996042251587,0.0,False
S0032,1 month,720.0,0.01,98189,1.5249998569488525,0.0,False
S0032,1 month,720.0,0.03,98189,1.5249998569488525,0.0,False
S0032,1 month,720.0,0.05,98189,1.5249998569488525,0.0,False
S0107,1 month,720.0,0.01,98189,0.231999933719635,0.0,False
S0107,1 month,720.0,0.03,98189,0.231999933719635,0.0,False
S0107,1 month,720.0,0.05,98189,0.231999933719635,0.0,False
S0085,1 month,720.0,0.01,98131,0.09920001029968262,0.0,False
S0085,1 month,720.0,0.03,98131,0.09920001029968262,0.0,False
S0085,1 month,720.0,0.05,98131,0.09920001029968262,0.0,False
S0108,1 month,720.0,0.01,70432,2.614799976348877,0.0,False
S0108,1 month,720.0,0.03,70432,2.614799976348877,0.0,False
S0108,1 month,720.0,0.05,70432,2.614799976348877,0.0,False
S0084,1 month,720.0,0.01,98103,0.055799998342990875,0.0,False
S0084,1 month,720.0,0.03,98103,0.055799998342990875,0.0,False
S0084,1 month,720.0,0.05,98103,0.055799998342990875,0.0,False
S0082,1 month,720.0,0.01,98060,0.18319998681545258,0.0,False
S0082,1 month,720.0,0.03,98060,0.18319998681545258,0.0,False
S0082,1 month,720.0,0.05,98060,0.18319998681545258,0.0,False
S0060,1 month,720.0,0.01,98203,0.6714000180363655,0.0,False
S0060,1 month,720.0,0.03,98203,0.6714000180363655,0.0,False
S0060,1 month,720.0,0.05,98203,0.6714000180363655,0.0,False
S0039,1 month,720.0,0.01,98169,0.26600003242492676,0.0,False
S0039,1 month,720.0,0.03,98169,0.26600003242492676,0.0,False
S0039,1 month,720.0,0.05,98169,0.26600003242492676,0.0,False
S0051,1 month,720.0,0.01,98155,0.0,0.269094799042331,True
S0051,1 month,720.0,0.03,98155,0.0,0.269094799042331,True
S0051,1 month,720.0,0.05,98155,0.0,0.269094799042331,True
S0050,1 month,720.0,0.01,98117,2.163800060749054,0.0,False
S0050,1 month,720.0,0.03,98117,2.163800060749054,0.0,False
S0050,1 month,720.0,0.05,98117,2.163800060749054,0.0,False
S0075,1 month,720.0,0.01,93080,0.004999999888241291,0.09857112161581436,True
S0075,1 month,720.0,0.03,93080,0.004999999888241291,0.32571981091534163,True
S0075,1 month,720.0,0.05,93080,0.004999999888241291,0.35620971207563384,True
S0025,1 month,720.0,0.01,97266,2.3905999660491943,0.0,False
S0025,1 month,720.0,0.03,97266,2.3905999660491943,0.0,False
S0025,1 month,720.0,0.05,97266,2.3905999660491943,0.0,False
S0100,1 month,720.0,0.01,97652,0.06300000101327896,0.0,False
S0100,1 month,720.0,0.03,97652,0.06300000101327896,0.0,False
S0100,1 month,720.0,0.05,97652,0.06300000101327896,0.0,False
S0054,1 month,720.0,0.01,98173,0.21799999475479126,0.0,False
S0054,1 month,720.0,0.03,98173,0.21799999475479126,0.0,False
S0054,1 month,720.0,0.05,98173,0.21799999475479126,0.0,False
S0103,1 month,720.0,0.01,84124,1.8763999938964844,0.0,False
S0103,1 month,720.0,0.03,84124,1.8763999938964844,0.0,False
S0103,1 month,720.0,0.05,84124,1.8763999938964844,0.0,False
S0106,1 month,720.0,0.01,98206,0.3821999430656433,0.0,False
S0106,1 month,720.0,0.03,98206,0.3821999430656433,0.0,False
S0106,1 month,720.0,0.05,98206,0.3821999430656433,0.0,False
S0048,1 month,720.0,0.01,93046,0.1360001564025879,0.0,False
S0048,1 month,720.0,0.03,93046,0.1360001564025879,0.0,False
S0048,1 month,720.0,0.05,93046,0.1360001564025879,0.0,False
S0040,1 month,720.0,0.01,94549,0.16499999165534973,0.0,False
S0040,1 month,720.0,0.03,94549,0.16499999165534973,0.0,False
S0040,1 month,720.0,0.05,94549,0.16499999165534973,0.0,False
S0063,1 month,720.0,0.01,98192,0.08959999680519104,0.0,False
S0063,1 month,720.0,0.03,98192,0.08959999680519104,0.0,False
S0063,1 month,720.0,0.05,98192,0.08959999680519104,0.0,False
S0038,1 month,720.0,0.01,97317,2.5899996757507324,0.0,False
S0038,1 month,720.0,0.03,97317,2.5899996757507324,0.0,False
S0038,1 month,720.0,0.05,97317,2.5899996757507324,0.0,False
S0052,1 month,720.0,0.01,94528,1.3166000247001648,0.0,False
S0052,1 month,720.0,0.03,94528,1.3166000247001648,0.0,False
S0052,1 month,720.0,0.05,94528,1.3166000247001648,0.0,False
S0080,1 month,720.0,0.01,98203,2.2090001106262207,0.0,False
S0080,1 month,720.0,0.03,98203,2.2090001106262207,0.0,False
S0080,1 month,720.0,0.05,98203,2.2090001106262207,0.0,False
S0105,1 month,720.0,0.01,96345,3.8794002532958984,0.0,False
S0105,1 month,720.0,0.03,96345,3.8794002532958984,0.0,False
S0105,1 month,720.0,0.05,96345,3.8794002532958984,0.0,False
S0059,1 month,720.0,0.01,98143,0.5979999899864197,0.0,False
S0059,1 month,720.0,0.03,98143,0.5979999899864197,0.0,False
S0059,1 month,720.0,0.05,98143,0.5979999899864197,0.0,False
S0111,1 month,720.0,0.01,92160,1.613000050187111,0.0,False
S0111,1 month,720.0,0.03,92160,1.613000050187111,0.0,False
S0111,1 month,720.0,0.05,92160,1.613000050187111,0.0,False
S0104,1 month,720.0,0.01,98195,2.268199920654297,0.0,False
S0104,1 month,720.0,0.03,98195,2.268199920654297,0.0,False
S0104,1 month,720.0,0.05,98195,2.268199920654297,0.0,False
S0053,1 month,720.0,0.01,97939,1.1775999069213867,0.0,False
S0053,1 month,720.0,0.03,97939,1.1775999069213867,0.0,False
S0053,1 month,720.0,0.05,97939,1.1775999069213867,0.0,False
S0056,1 month,720.0,0.01,98174,1.5879999995231628,0.0,False
S0056,1 month,720.0,0.03,98174,1.5879999995231628,0.0,False
S0056,1 month,720.0,0.05,98174,1.5879999995231628,0.0,False
S0102,1 month,720.0,0.01,89326,0.2955999970436096,0.0,False
S0102,1 month,720.0,0.03,89326,0.2955999970436096,0.0,False
S0102,1 month,720.0,0.05,89326,0.2955999970436096,0.0,False
S0019,1 month,720.0,0.01,75892,0.0,0.07343329995256417,True
S0019,1 month,720.0,0.03,75892,0.0,0.07343329995256417,True
S0019,1 month,720.0,0.05,75892,0.0,0.07343329995256417,True
S0021,1 month,720.0,0.01,64824,1.5919999480247498,0.0,False
S0021,1 month,720.0,0.03,64824,1.5919999480247498,0.0,False
S0021,1 month,720.0,0.05,64824,1.5919999480247498,0.0,False
S0074,1 month,720.0,0.01,98184,1.8342000497505069,0.0,False
S0074,1 month,720.0,0.03,98184,1.8342000497505069,0.0,False
S0074,1 month,720.0,0.05,98184,1.8342000497505069,0.0,False
S0023,1 month,720.0,0.01,68329,0.4492001533508301,0.0,False
S0023,1 month,720.0,0.03,68329,0.4492001533508301,0.0,False
S0023,1 month,720.0,0.05,68329,0.4492001533508301,0.0,False
S0092,1 month,720.0,0.01,74579,4.604400046169758,0.0,False
S0092,1 month,720.0,0.03,74579,4.604400046169758,0.0,False
S0092,1 month,720.0,0.05,74579,4.604400046169758,0.0,False
S0071,1 month,720.0,0.01,85916,0.8264000117778778,0.0,False
S0071,1 month,720.0,0.03,85916,0.8264000117778778,0.0,False
S0071,1 month,720.0,0.05,85916,0.8264000117778778,0.0,False
S0096,1 month,720.0,0.01,98023,0.0,0.08112381787947727,True
S0096,1 month,720.0,0.03,98023,0.0,0.08112381787947727,True
S0096,1 month,720.0,0.05,98023,0.0,0.08115442294155453,True
S0086,1 month,720.0,0.01,97720,2.2453999519348145,0.0,False
S0086,1 month,720.0,0.03,97720,2.2453999519348145,0.0,False
S0086,1 month,720.0,0.05,97720,2.2453999519348145,0.0,False
S0012,1 month,720.0,0.01,59174,2.9479998350143433,0.0,False
S0012,1 month,720.0,0.03,59174,2.9479998350143433,0.0,False
S0012,1 month,720.0,0.05,59174,2.9479998350143433,0.0,False
S0058,1 month,720.0,0.01,98051,1.1301999976858497,0.0,False
S0058,1 month,720.0,0.03,98051,1.1301999976858497,0.0,False
S0058,1 month,720.0,0.05,98051,1.1301999976858497,0.0,False
S0079,1 month,720.0,0.01,93797,1.2910000383853912,0.0,False
S0079,1 month,720.0,0.03,93797,1.2910000383853912,0.0,False
S0079,1 month,720.0,0.05,93797,1.2910000383853912,0.0,False
S0081,1 month,720.0,0.01,98204,0.6624000072479248,0.0,False
S0081,1 month,720.0,0.03,98204,0.6624000072479248,0.0,False
S0081,1 month,720.0,0.05,98204,0.6624000072479248,0.0,False
S0093,1 month,720.0,0.01,98060,0.09499990940093994,0.0,False
S0093,1 month,720.0,0.03,98060,0.09499990940093994,0.0,False
S0093,1 month,720.0,0.05,98060,0.09499990940093994,0.0,False
S0072,1 month,720.0,0.01,95545,2.8937999606132507,0.0,False
S0072,1 month,720.0,0.03,95545,2.8937999606132507,0.0,False
S0072,1 month,720.0,0.05,95545,2.8937999606132507,0.0,False
S0046,1 month,720.0,0.01,95623,0.34960007667541504,0.0,False
S0046,1 month,720.0,0.03,95623,0.34960007667541504,0.0,False
S0046,1 month,720.0,0.05,95623,0.34960007667541504,0.0,False
S0078,1 month,720.0,0.01,96600,2.4404001235961914,0.0,False
S0078,1 month,720.0,0.03,96600,2.4404001235961914,0.0,False
S0078,1 month,720.0,0.05,96600,2.4404001235961914,0.0,False
S0067,1 month,720.0,0.01,93875,3.1338000297546387,0.0,False
S0067,1 month,720.0,0.03,93875,3.1338000297546387,0.0,False
S0067,1 month,720.0,0.05,93875,3.1338000297546387,0.0,False
S0069,1 month,720.0,0.01,98206,0.6009999811649323,0.0,False
S0069,1 month,720.0,0.03,98206,0.6009999811649323,0.0,False
S0069,1 month,720.0,0.05,98206,0.6009999811649323,0.0,False
S0055,1 month,720.0,0.01,98195,2.294800043106079,0.0,False
S0055,1 month,720.0,0.03,98195,2.294800043106079,0.0,False
S0055,1 month,720.0,0.05,98195,2.294800043106079,0.0,False
S0024,1 month,720.0,0.01,97471,2.4406001567840576,0.0,False
S0024,1 month,720.0,0.03,97471,2.4406001567840576,0.0,False
S0024,1 month,720.0,0.05,97471,2.4406001567840576,0.0,False
S0029,1 month,720.0,0.01,91476,1.8672500252723694,0.0,False
S0029,1 month,720.0,0.03,91476,1.8672500252723694,0.0,False
S0029,1 month,720.0,0.05,91476,1.8672500252723694,0.0,False
S0030,1 month,720.0,0.01,98153,1.4988000988960266,0.0,False
S0030,1 month,720.0,0.03,98153,1.4988000988960266,0.0,False
S0030,1 month,720.0,0.05,98153,1.4988000988960266,0.0,False
S0035,1 month,720.0,0.01,97643,0.4875999987125397,0.0,False
S0035,1 month,720.0,0.03,97643,0.4875999987125397,0.0,False
S0035,1 month,720.0,0.05,97643,0.4875999987125397,0.0,False
S0034,1 month,720.0,0.01,98192,1.336599975824356,0.0,False
S0034,1 month,720.0,0.03,98192,1.336599975824356,0.0,False
S0034,1 month,720.0,0.05,98192,1.336599975824356,0.0,False
S0064,1 month,720.0,0.01,97609,1.564199984073639,0.0,False
S0064,1 month,720.0,0.03,97609,1.564199984073639,0.0,False
S0064,1 month,720.0,0.05,97609,1.564199984073639,0.0,False
S0089,1 month,720.0,0.01,97324,0.5590000748634338,0.0,False
S0089,1 month,720.0,0.03,97324,0.5590000748634338,0.0,False
S0089,1 month,720.0,0.05,97324,0.5590000748634338,0.0,False
S0005,1 month,720.0,0.01,92161,0.09799998998641968,0.0,False
S0005,1 month,720.0,0.03,92161,0.09799998998641968,0.0,False
S0005,1 month,720.0,0.05,92161,0.09799998998641968,0.0,False
S0062,1 month,720.0,0.01,97060,2.3489999771118164,0.0,False
S0062,1 month,720.0,0.03,97060,2.3489999771118164,0.0,False
S0062,1 month,720.0,0.05,97060,2.3489999771118164,0.0,False
S0008,1 month,720.0,0.01,92161,0.4869999885559082,0.0,False
S0008,1 month,720.0,0.03,92161,0.4869999885559082,0.0,False
S0008,1 month,720.0,0.05,92161,0.4869999885559082,0.0,False
S0110,1 month,720.0,0.01,57730,0.0,0.10781222934349559,True
S0110,1 month,720.0,0.03,57730,0.0,0.11283561406547722,True
S0110,1 month,720.0,0.05,57730,0.0,0.11752988047808766,True
S0112,1 month,720.0,0.01,92161,1.221000075340271,0.0,False
S0112,1 month,720.0,0.03,92161,1.221000075340271,0.0,False
S0112,1 month,720.0,0.05,92161,1.221000075340271,0.0,False
S0065,1 month,720.0,0.01,98123,1.3206000924110413,0.0,False
S0065,1 month,720.0,0.03,98123,1.3206000924110413,0.0,False
S0065,1 month,720.0,0.05,98123,1.3206000924110413,0.0,False
S0044,1 month,720.0,0.01,96486,0.0559999942779541,0.0,False
S0044,1 month,720.0,0.03,96486,0.0559999942779541,0.0,False
S0044,1 month,720.0,0.05,96486,0.0559999942779541,0.0,False
S0010,1 month,720.0,0.01,92161,2.005000114440918,0.0,False
S0010,1 month,720.0,0.03,92161,2.005000114440918,0.0,False
S0010,1 month,720.0,0.05,92161,2.005000114440918,0.0,False
S0090,1 month,720.0,0.01,95200,1.5799999237060547,0.0,False
S0090,1 month,720.0,0.03,95200,1.5799999237060547,0.0,False
S0090,1 month,720.0,0.05,95200,1.5799999237060547,0.0,False
S0002,1 month,720.0,0.01,92161,0.7819999754428864,0.0,False
S0002,1 month,720.0,0.03,92161,0.7819999754428864,0.0,False
S0002,1 month,720.0,0.05,92161,0.7819999754428864,0.0,False
S0020,1 month,720.0,0.01,36780,1.1883999109268188,0.0,False
S0020,1 month,720.0,0.03,36780,1.1883999109268188,0.0,False
S0020,1 month,720.0,0.05,36780,1.1883999109268188,0.0,False
S0073,1 month,720.0,0.01,98175,0.5640000104904175,0.0,False
S0073,1 month,720.0,0.03,98175,0.5640000104904175,0.0,False
S0073,1 month,720.0,0.05,98175,0.5640000104904175,0.0,False
S0001,1 month,720.0,0.01,92160,0.340999960899353,0.0,False
S0001,1 month,720.0,0.03,92160,0.340999960899353,0.0,False
S0001,1 month,720.0,0.05,92160,0.340999960899353,0.0,False
S0077,1 month,720.0,0.01,82769,1.6821999251842499,0.0,False
S0077,1 month,720.0,0.03,82769,1.6821999251842499,0.0,False
S0077,1 month,720.0,0.05,82769,1.6821999251842499,0.0,False
S0009,1 month,720.0,0.01,92161,0.2290000170469284,0.0,False
S0009,1 month,720.0,0.03,92161,0.2290000170469284,0.0,False
S0009,1 month,720.0,0.05,92161,0.2290000170469284,0.0,False
S0097,1 month,720.0,0.01,97876,2.091099888086319,0.0,False
S0097,1 month,720.0,0.03,97876,2.091099888086319,0.0,False
S0097,1 month,720.0,0.05,97876,2.091099888086319,0.0,False
S0057,1 month,720.0,0.01,98201,2.172599945217371,0.0,False
S0057,1 month,720.0,0.03,98201,2.172599945217371,0.0,False
S0057,1 month,720.0,0.05,98201,2.172599945217371,0.0,False
S0113,1 month,720.0,0.01,92158,1.4539999961853027,0.0,False
S0113,1 month,720.0,0.03,92158,1.4539999961853027,0.0,False
S0113,1 month,720.0,0.05,92158,1.4539999961853027,0.0,False
S0018,1 month,720.0,0.01,95345,1.4465999603271484,0.0,False
S0018,1 month,720.0,0.03,95345,1.4465999603271484,0.0,False
S0018,1 month,720.0,0.05,95345,1.4465999603271484,0.0,False
S0070,1 month,720.0,0.01,96473,0.8291999697685242,0.0,False
S0070,1 month,720.0,0.03,96473,0.8291999697685242,0.0,False
S0070,1 month,720.0,0.05,96473,0.8291999697685242,0.0,False
S0061,1 month,720.0,0.01,93276,0.2739999294281006,0.0,False
S0061,1 month,720.0,0.03,93276,0.2739999294281006,0.0,False
S0061,1 month,720.0,0.05,93276,0.2739999294281006,0.0,False
S0007,1 month,720.0,0.01,92161,0.22599995136260986,0.0,False
S0007,1 month,720.0,0.03,92161,0.22599995136260986,0.0,False
S0007,1 month,720.0,0.05,92161,0.22599995136260986,0.0,False
S0101,1 month,720.0,0.01,98176,1.608799934387207,0.0,False
S0101,1 month,720.0,0.03,98176,1.608799934387207,0.0,False
S0101,1 month,720.0,0.05,98176,1.608799934387207,0.0,False
S0066,1 month,720.0,0.01,97977,1.9102001041173935,0.0,False
S0066,1 month,720.0,0.03,97977,1.9102001041173935,0.0,False
S0066,1 month,720.0,0.05,97977,1.9102001041173935,0.0,False
S0098,1 month,720.0,0.01,97901,0.9660000801086426,0.0,False
S0098,1 month,720.0,0.03,97901,0.9660000801086426,0.0,False
S0098,1 month,720.0,0.05,97901,0.9660000801086426,0.0,False
S0099,1 month,720.0,0.01,97807,0.9119999408721924,0.0,False
S0099,1 month,720.0,0.03,97807,0.9119999408721924,0.0,False
S0099,1 month,720.0,0.05,97807,0.9119999408721924,0.0,False
S0017,1 month,720.0,0.01,95996,0.816400021314621,0.0,False
S0017,1 month,720.0,0.03,95996,0.816400021314621,0.0,False
S0017,1 month,720.0,0.05,95996,0.816400021314621,0.0,False
S0004,1 month,720.0,0.01,92161,1.409999966621399,0.0,False
S0004,1 month,720.0,0.03,92161,1.409999966621399,0.0,False
S0004,1 month,720.0,0.05,92161,1.409999966621399,0.0,False
S0094,1 month,720.0,0.01,81193,0.9379999935626984,0.0,False
S0094,1 month,720.0,0.03,81193,0.9379999935626984,0.0,False
S0094,1 month,720.0,0.05,81193,0.9379999935626984,0.0,False
S0011,1 month,720.0,0.01,92160,0.08399999141693115,0.0,False
S0011,1 month,720.0,0.03,92160,0.08399999141693115,0.0,False
S0011,1 month,720.0,0.05,92160,0.08399999141693115,0.0,False
S0027,1 month,720.0,0.01,98128,0.055800000205636024,0.0,False
S0027,1 month,720.0,0.03,98128,0.055800000205636024,0.0,False
S0027,1 month,720.0,0.05,98128,0.055800000205636024,0.0,False
S0088,1 month,720.0,0.01,60488,0.5933999866247177,0.0,False
S0088,1 month,720.0,0.03,60488,0.5933999866247177,0.0,False
S0088,1 month,720.0,0.05,60488,0.5933999866247177,0.0,False
S0016,1 month,720.0,0.01,95323,0.28640007972717285,0.0,False
S0016,1 month,720.0,0.03,95323,0.28640007972717285,0.0,False
S0016,1 month,720.0,0.05,95323,0.28640007972717285,0.0,False
S0028,1 month,720.0,0.01,70124,2.008400082588196,0.0,False
S0028,1 month,720.0,0.03,70124,2.008400082588196,0.0,False
S0028,1 month,720.0,0.05,70124,2.008400082588196,0.0,False
S0033,1 month,720.0,0.01,98154,1.5492000579833984,0.0,False
S0033,1 month,720.0,0.03,98154,1.5492000579833984,0.0,False
S0033,1 month,720.0,0.05,98154,1.5492000579833984,0.0,False
S0083,1 month,720.0,0.01,97973,0.10100001096725464,0.0,False
S0083,1 month,720.0,0.03,97973,0.10100001096725464,0.0,False
S0083,1 month,720.0,0.05,97973,0.10100001096725464,0.0,False
S0003,1 month,720.0,0.01,92157,0.003999998793005943,0.005056588213592022,True
S0003,1 month,720.0,0.03,92157,0.003999998793005943,0.005056588213592022,True
S0003,1 month,720.0,0.05,92157,0.003999998793005943,0.0050674392612606745,True
S0037,1 quarter,2160.0,0.01,84021,2.5802000164985657,0.0,False
S0037,1 quarter,2160.0,0.03,84021,2.5802000164985657,0.0,False
S0037,1 quarter,2160.0,0.05,84021,2.5802000164985657,0.0,False
S0087,1 quarter,2160.0,0.01,83534,0.9965999126434326,0.0,False
S0087,1 quarter,2160.0,0.03,83534,0.9965999126434326,0.0,False
S0087,1 quarter,2160.0,0.05,83534,0.9965999126434326,0.0,False
S0091,1 quarter,2160.0,0.01,84142,0.5985999703407288,0.0,False
S0091,1 quarter,2160.0,0.03,84142,0.5985999703407288,0.0,False
S0091,1 quarter,2160.0,0.05,84142,0.5985999703407288,0.0,False
S0047,1 quarter,2160.0,0.01,83633,2.830199956893921,0.0,False
S0047,1 quarter,2160.0,0.03,83633,2.830199956893921,0.0,False
S0047,1 quarter,2160.0,0.05,83633,2.830199956893921,0.0,False
S0045,1 quarter,2160.0,0.01,83707,0.2954000234603882,0.0,False
S0045,1 quarter,2160.0,0.03,83707,0.2954000234603882,0.0,False
S0045,1 quarter,2160.0,0.05,83707,0.2954000234603882,0.0,False
S0049,1 quarter,2160.0,0.01,2372,1.385200023651123,0.0,False
S0049,1 quarter,2160.0,0.03,2372,1.385200023651123,0.0,False
S0049,1 quarter,2160.0,0.05,2372,1.385200023651123,0.0,False
S0022,1 quarter,2160.0,0.01,83271,1.3908000066876411,0.0,False
S0022,1 quarter,2160.0,0.03,83271,1.3908000066876411,0.0,False
S0022,1 quarter,2160.0,0.05,83271,1.3908000066876411,0.0,False
S0095,1 quarter,2160.0,0.01,74521,5.467399775981903,0.0,False
S0095,1 quarter,2160.0,0.03,74521,5.467399775981903,0.0,False
S0095,1 quarter,2160.0,0.05,74521,5.467399775981903,0.0,False
S0041,1 quarter,2160.0,0.01,72154,1.2398000359535217,0.0,False
S0041,1 quarter,2160.0,0.03,72154,1.2398000359535217,0.0,False
S0041,1 quarter,2160.0,0.05,72154,1.2398000359535217,0.0,False
S0042,1 quarter,2160.0,0.01,72154,1.3016000092029572,0.0,False
S0042,1 quarter,2160.0,0.03,72154,1.3016000092029572,0.0,False
S0042,1 quarter,2160.0,0.05,72154,1.3016000092029572,0.0,False
S0068,1 quarter,2160.0,0.01,57566,0.5404000282287598,0.0,False
S0068,1 quarter,2160.0,0.03,57566,0.5404000282287598,0.0,False
S0068,1 quarter,2160.0,0.05,57566,0.5404000282287598,0.0,False
S0043,1 quarter,2160.0,0.01,72094,2.3919999599456787,0.0,False
S0043,1 quarter,2160.0,0.03,72094,2.3919999599456787,0.0,False
S0043,1 quarter,2160.0,0.05,72094,2.3919999599456787,0.0,False
S0026,1 quarter,2160.0,0.01,83418,5.725600212812424,0.0,False
S0026,1 quarter,2160.0,0.03,83418,5.725600212812424,0.0,False
S0026,1 quarter,2160.0,0.05,83418,5.725600212812424,0.0,False
S0036,1 quarter,2160.0,0.01,84205,0.33299997448921204,0.0,False
S0036,1 quarter,2160.0,0.03,84205,0.33299997448921204,0.0,False
S0036,1 quarter,2160.0,0.05,84205,0.33299997448921204,0.0,False
S0109,1 quarter,2160.0,0.01,84216,0.9331998825073242,0.0,False
S0109,1 quarter,2160.0,0.03,84216,0.9331998825073242,0.0,False
S0109,1 quarter,2160.0,0.05,84216,0.9331998825073242,0.0,False
S0006,1 quarter,2160.0,0.01,78274,0.2760000117123127,0.0,False
S0006,1 quarter,2160.0,0.03,78274,0.2760000117123127,0.0,False
S0006,1 quarter,2160.0,0.05,78274,0.2760000117123127,0.0,False
S0014,1 quarter,2160.0,0.01,78333,0.7479999661445618,0.0,False
S0014,1 quarter,2160.0,0.03,78333,0.7479999661445618,0.0,False
S0014,1 quarter,2160.0,0.05,78333,0.7479999661445618,0.0,False
S0031,1 quarter,2160.0,0.01,72134,2.437999978661537,0.0,False
S0031,1 quarter,2160.0,0.03,72134,2.437999978661537,0.0,False
S0031,1 quarter,2160.0,0.05,72134,2.437999978661537,0.0,False
S0013,1 quarter,2160.0,0.01,78293,1.367000013589859,0.0,False
S0013,1 quarter,2160.0,0.03,78293,1.367000013589859,0.0,False
S0013,1 quarter,2160.0,0.05,78293,1.367000013589859,0.0,False
S0076,1 quarter,2160.0,0.01,72151,2.889400005340576,0.0,False
S0076,1 quarter,2160.0,0.03,72151,2.889400005340576,0.0,False
S0076,1 quarter,2160.0,0.05,72151,2.889400005340576,0.0,False
S0015,1 quarter,2160.0,0.01,58153,0.7869999781250954,0.0,False
S0015,1 quarter,2160.0,0.03,58153,0.7869999781250954,0.0,False
S0015,1 quarter,2160.0,0.05,58153,0.7869999781250954,0.0,False
S0032,1 quarter,2160.0,0.01,84092,2.494599997997284,0.0,False
S0032,1 quarter,2160.0,0.03,84092,2.494599997997284,0.0,False
S0032,1 quarter,2160.0,0.05,84092,2.494599997997284,0.0,False
S0107,1 quarter,2160.0,0.01,84168,0.38359999656677246,0.0,False
S0107,1 quarter,2160.0,0.03,84168,0.38359999656677246,0.0,False
S0107,1 quarter,2160.0,0.05,84168,0.38359999656677246,0.0,False
S0085,1 quarter,2160.0,0.01,84026,0.22419998049736023,0.0,False
S0085,1 quarter,2160.0,0.03,84026,0.22419998049736023,0.0,False
S0085,1 quarter,2160.0,0.05,84026,0.22419998049736023,0.0,False
S0108,1 quarter,2160.0,0.01,55269,5.176599860191345,0.0,False
S0108,1 quarter,2160.0,0.03,55269,5.176599860191345,0.0,False
S0108,1 quarter,2160.0,0.05,55269,5.176599860191345,0.0,False
S0084,1 quarter,2160.0,0.01,84194,0.14919999986886978,0.0,False
S0084,1 quarter,2160.0,0.03,84194,0.14919999986886978,0.0,False
S0084,1 quarter,2160.0,0.05,84194,0.14919999986886978,0.0,False
S0082,1 quarter,2160.0,0.01,84065,0.20960000157356262,0.0,False
S0082,1 quarter,2160.0,0.03,84065,0.20960000157356262,0.0,False
S0082,1 quarter,2160.0,0.05,84065,0.20960000157356262,0.0,False
S0060,1 quarter,2160.0,0.01,84348,1.3280000686645508,0.0,False
S0060,1 quarter,2160.0,0.03,84348,1.3280000686645508,0.0,False
S0060,1 quarter,2160.0,0.05,84348,1.3280000686645508,0.0,False
S0039,1 quarter,2160.0,0.01,84158,1.7166000604629517,0.0,False
S0039,1 quarter,2160.0,0.03,84158,1.7166000604629517,0.0,False
S0039,1 quarter,2160.0,0.05,84158,1.7166000604629517,0.0,False
S0051,1 quarter,2160.0,0.01,84296,0.0,0.10834440542849008,True
S0051,1 quarter,2160.0,0.03,84296,0.0,0.10834440542849008,True
S0051,1 quarter,2160.0,0.05,84296,0.0,0.10834440542849008,True
S0050,1 quarter,2160.0,0.01,84100,3.0854000449180603,0.0,False
S0050,1 quarter,2160.0,0.03,84100,3.0854000449180603,0.0,False
S0050,1 quarter,2160.0,0.05,84100,3.0854000449180603,0.0,False
S0075,1 quarter,2160.0,0.01,79256,0.027000000700354576,0.0,False
S0075,1 quarter,2160.0,0.03,79256,0.027000000700354576,0.08008226506510548,True
S0075,1 quarter,2160.0,0.05,79256,0.027000000700354576,0.08087715756535782,True
S0025,1 quarter,2160.0,0.01,82830,5.111000180244446,0.0,False
S0025,1 quarter,2160.0,0.03,82830,5.111000180244446,0.0,False
S0025,1 quarter,2160.0,0.05,82830,5.111000180244446,0.0,False
S0100,1 quarter,2160.0,0.01,83704,0.8230000138282776,0.0,False
S0100,1 quarter,2160.0,0.03,83704,0.8230000138282776,0.0,False
S0100,1 quarter,2160.0,0.05,83704,0.8230000138282776,0.0,False
S0054,1 quarter,2160.0,0.01,84331,0.8796000182628632,0.0,False
S0054,1 quarter,2160.0,0.03,84331,0.8796000182628632,0.0,False
S0054,1 quarter,2160.0,0.05,84331,0.8796000182628632,0.0,False
S0103,1 quarter,2160.0,0.01,60418,4.463000059127808,0.0,False
S0103,1 quarter,2160.0,0.03,60418,4.463000059127808,0.0,False
S0103,1 quarter,2160.0,0.05,60418,4.463000059127808,0.0,False
S0106,1 quarter,2160.0,0.01,84206,0.7160000205039978,0.0,False
S0106,1 quarter,2160.0,0.03,84206,0.7160000205039978,0.0,False
S0106,1 quarter,2160.0,0.05,84206,0.7160000205039978,0.0,False
S0048,1 quarter,2160.0,0.01,79991,1.512199942022562,0.0,False
S0048,1 quarter,2160.0,0.03,79991,1.512199942022562,0.0,False
S0048,1 quarter,2160.0,0.05,79991,1.512199942022562,0.0,False
S0040,1 quarter,2160.0,0.01,80722,1.2454000413417816,0.0,False
S0040,1 quarter,2160.0,0.03,80722,1.2454000413417816,0.0,False
S0040,1 quarter,2160.0,0.05,80722,1.2454000413417816,0.0,False
S0063,1 quarter,2160.0,0.01,84219,0.9403999894857407,0.0,False
S0063,1 quarter,2160.0,0.03,84219,0.9403999894857407,0.0,False
S0063,1 quarter,2160.0,0.05,84219,0.9403999894857407,0.0,False
S0038,1 quarter,2160.0,0.01,83105,6.3857996463775635,0.0,False
S0038,1 quarter,2160.0,0.03,83105,6.3857996463775635,0.0,False
S0038,1 quarter,2160.0,0.05,83105,6.3857996463775635,0.0,False
S0052,1 quarter,2160.0,0.01,80669,2.379600018262863,0.0,False
S0052,1 quarter,2160.0,0.03,80669,2.379600018262863,0.0,False
S0052,1 quarter,2160.0,0.05,80669,2.379600018262863,0.0,False
S0080,1 quarter,2160.0,0.01,84329,5.048199892044067,0.0,False
S0080,1 quarter,2160.0,0.03,84329,5.048199892044067,0.0,False
S0080,1 quarter,2160.0,0.05,84329,5.048199892044067,0.0,False
S0105,1 quarter,2160.0,0.01,84059,5.611200213432312,0.0,False
S0105,1 quarter,2160.0,0.03,84059,5.611200213432312,0.0,False
S0105,1 quarter,2160.0,0.05,84059,5.611200213432312,0.0,False
S0059,1 quarter,2160.0,0.01,84302,1.201400026679039,0.0,False
S0059,1 quarter,2160.0,0.03,84302,1.201400026679039,0.0,False
S0059,1 quarter,2160.0,0.05,84302,1.201400026679039,0.0,False
S0111,1 quarter,2160.0,0.01,78294,2.8399999141693115,0.0,False
S0111,1 quarter,2160.0,0.03,78294,2.8399999141693115,0.0,False
S0111,1 quarter,2160.0,0.05,78294,2.8399999141693115,0.0,False
S0104,1 quarter,2160.0,0.01,84320,3.134799897670746,0.0,False
S0104,1 quarter,2160.0,0.03,84320,3.134799897670746,0.0,False
S0104,1 quarter,2160.0,0.05,84320,3.134799897670746,0.0,False
S0053,1 quarter,2160.0,0.01,83728,2.5260000228881836,0.0,False
S0053,1 quarter,2160.0,0.03,83728,2.5260000228881836,0.0,False
S0053,1 quarter,2160.0,0.05,83728,2.5260000228881836,0.0,False
S0056,1 quarter,2160.0,0.01,84325,2.7420000433921814,0.0,False
S0056,1 quarter,2160.0,0.03,84325,2.7420000433921814,0.0,False
S0056,1 quarter,2160.0,0.05,84325,2.7420000433921814,0.0,False
S0102,1 quarter,2160.0,0.01,84309,0.8235999941825867,0.0,False
S0102,1 quarter,2160.0,0.03,84309,0.8235999941825867,0.0,False
S0102,1 quarter,2160.0,0.05,84309,0.8235999941825867,0.0,False
S0019,1 quarter,2160.0,0.01,54738,2.7870001792907715,0.0,False
S0019,1 quarter,2160.0,0.03,54738,2.7870001792907715,0.0,False
S0019,1 quarter,2160.0,0.05,54738,2.7870001792907715,0.0,False
S0021,1 quarter,2160.0,0.01,54374,3.0836000740528107,0.0,False
S0021,1 quarter,2160.0,0.03,54374,3.0836000740528107,0.0,False
S0021,1 quarter,2160.0,0.05,54374,3.0836000740528107,0.0,False
S0074,1 quarter,2160.0,0.01,84226,2.64259990490973,0.0,False
S0074,1 quarter,2160.0,0.03,84226,2.64259990490973,0.0,False
S0074,1 quarter,2160.0,0.05,84226,2.64259990490973,0.0,False
S0023,1 quarter,2160.0,0.01,58960,2.424800157546997,0.0,False
S0023,1 quarter,2160.0,0.03,58960,2.424800157546997,0.0,False
S0023,1 quarter,2160.0,0.05,58960,2.424800157546997,0.0,False
S0092,1 quarter,2160.0,0.01,64362,5.494399838149548,0.0,False
S0092,1 quarter,2160.0,0.03,64362,5.494399838149548,0.0,False
S0092,1 quarter,2160.0,0.05,64362,5.494399838149548,0.0,False
S0071,1 quarter,2160.0,0.01,70510,2.3550001084804535,0.0,False
S0071,1 quarter,2160.0,0.03,70510,2.3550001084804535,0.0,False
S0071,1 quarter,2160.0,0.05,70510,2.3550001084804535,0.0,False
S0096,1 quarter,2160.0,0.01,84113,2.0534000992774963,0.0,False
S0096,1 quarter,2160.0,0.03,84113,2.0534000992774963,0.0,False
S0096,1 quarter,2160.0,0.05,84113,2.0534000992774963,0.0,False
S0086,1 quarter,2160.0,0.01,83638,2.7028000354766846,0.0,False
S0086,1 quarter,2160.0,0.03,83638,2.7028000354766846,0.0,False
S0086,1 quarter,2160.0,0.05,83638,2.7028000354766846,0.0,False
S0012,1 quarter,2160.0,0.01,45140,4.798999786376953,0.0,False
S0012,1 quarter,2160.0,0.03,45140,4.798999786376953,0.0,False
S0012,1 quarter,2160.0,0.05,45140,4.798999786376953,0.0,False
S0058,1 quarter,2160.0,0.01,83908,1.9869999578222632,0.0,False
S0058,1 quarter,2160.0,0.03,83908,1.9869999578222632,0.0,False
S0058,1 quarter,2160.0,0.05,83908,1.9869999578222632,0.0,False
S0079,1 quarter,2160.0,0.01,83840,1.8229999989271164,0.0,False
S0079,1 quarter,2160.0,0.03,83840,1.8229999989271164,0.0,False
S0079,1 quarter,2160.0,0.05,83840,1.8229999989271164,0.0,False
S0081,1 quarter,2160.0,0.01,84277,1.38680000603199,0.0,False
S0081,1 quarter,2160.0,0.03,84277,1.38680000603199,0.0,False
S0081,1 quarter,2160.0,0.05,84277,1.38680000603199,0.0,False
S0093,1 quarter,2160.0,0.01,84013,1.3806000240147114,0.0,False
S0093,1 quarter,2160.0,0.03,84013,1.3806000240147114,0.0,False
S0093,1 quarter,2160.0,0.05,84013,1.3806000240147114,0.0,False
S0072,1 quarter,2160.0,0.01,83363,4.759999871253967,0.0,False
S0072,1 quarter,2160.0,0.03,83363,4.759999871253967,0.0,False
S0072,1 quarter,2160.0,0.05,83363,4.759999871253967,0.0,False
S0046,1 quarter,2160.0,0.01,81425,0.7720000743865967,0.0,False
S0046,1 quarter,2160.0,0.03,81425,0.7720000743865967,0.0,False
S0046,1 quarter,2160.0,0.05,81425,0.7720000743865967,0.0,False
S0078,1 quarter,2160.0,0.01,84068,4.665999889373779,0.0,False
S0078,1 quarter,2160.0,0.03,84068,4.665999889373779,0.0,False
S0078,1 quarter,2160.0,0.05,84068,4.665999889373779,0.0,False
S0067,1 quarter,2160.0,0.01,83647,3.968900022562593,0.0,False
S0067,1 quarter,2160.0,0.03,83647,3.968900022562593,0.0,False
S0067,1 quarter,2160.0,0.05,83647,3.968900022562593,0.0,False
S0069,1 quarter,2160.0,0.01,84223,2.0753999054431915,0.0,False
S0069,1 quarter,2160.0,0.03,84223,2.0753999054431915,0.0,False
S0069,1 quarter,2160.0,0.05,84223,2.0753999054431915,0.0,False
S0055,1 quarter,2160.0,0.01,84341,3.2294000387191772,0.0,False
S0055,1 quarter,2160.0,0.03,84341,3.2294000387191772,0.0,False
S0055,1 quarter,2160.0,0.05,84341,3.2294000387191772,0.0,False
S0024,1 quarter,2160.0,0.01,83389,4.906000018119812,0.0,False
S0024,1 quarter,2160.0,0.03,83389,4.906000018119812,0.0,False
S0024,1 quarter,2160.0,0.05,83389,4.906000018119812,0.0,False
S0029,1 quarter,2160.0,0.01,80685,2.491599887609482,0.0,False
S0029,1 quarter,2160.0,0.03,80685,2.491599887609482,0.0,False
S0029,1 quarter,2160.0,0.05,80685,2.491599887609482,0.0,False
S0030,1 quarter,2160.0,0.01,84319,1.968999981880188,0.0,False
S0030,1 quarter,2160.0,0.03,84319,1.968999981880188,0.0,False
S0030,1 quarter,2160.0,0.05,84319,1.968999981880188,0.0,False
S0035,1 quarter,2160.0,0.01,83473,0.9565999805927277,0.0,False
S0035,1 quarter,2160.0,0.03,83473,0.9565999805927277,0.0,False
S0035,1 quarter,2160.0,0.05,83473,0.9565999805927277,0.0,False
S0034,1 quarter,2160.0,0.01,84328,2.450000077486038,0.0,False
S0034,1 quarter,2160.0,0.03,84328,2.450000077486038,0.0,False
S0034,1 quarter,2160.0,0.05,84328,2.450000077486038,0.0,False
S0064,1 quarter,2160.0,0.01,83398,2.189600110054016,0.0,False
S0064,1 quarter,2160.0,0.03,83398,2.189600110054016,0.0,False
S0064,1 quarter,2160.0,0.05,83398,2.189600110054016,0.0,False
S0089,1 quarter,2160.0,0.01,83744,1.0702000558376312,0.0,False
S0089,1 quarter,2160.0,0.03,83744,1.0702000558376312,0.0,False
S0089,1 quarter,2160.0,0.05,83744,1.0702000558376312,0.0,False
S0005,1 quarter,2160.0,0.01,78283,0.9530000537633896,0.0,False
S0005,1 quarter,2160.0,0.03,78283,0.9530000537633896,0.0,False
S0005,1 quarter,2160.0,0.05,78283,0.9530000537633896,0.0,False
S0062,1 quarter,2160.0,0.01,83888,6.445000171661377,0.0,False
S0062,1 quarter,2160.0,0.03,83888,6.445000171661377,0.0,False
S0062,1 quarter,2160.0,0.05,83888,6.445000171661377,0.0,False
S0008,1 quarter,2160.0,0.01,78314,1.4280002117156982,0.0,False
S0008,1 quarter,2160.0,0.03,78314,1.4280002117156982,0.0,False
S0008,1 quarter,2160.0,0.05,78314,1.4280002117156982,0.0,False
S0110,1 quarter,2160.0,0.01,43257,0.22499999403953552,0.0,False
S0110,1 quarter,2160.0,0.03,43257,0.22499999403953552,0.0,False
S0110,1 quarter,2160.0,0.05,43257,0.22499999403953552,0.0,False
S0112,1 quarter,2160.0,0.01,78332,1.6659998893737793,0.0,False
S0112,1 quarter,2160.0,0.03,78332,1.6659998893737793,0.0,False
S0112,1 quarter,2160.0,0.05,78332,1.6659998893737793,0.0,False
S0065,1 quarter,2160.0,0.01,84269,1.7719998955726624,0.0,False
S0065,1 quarter,2160.0,0.03,84269,1.7719998955726624,0.0,False
S0065,1 quarter,2160.0,0.05,84269,1.7719998955726624,0.0,False
S0044,1 quarter,2160.0,0.01,83756,0.14399999380111694,0.0,False
S0044,1 quarter,2160.0,0.03,83756,0.14399999380111694,0.0,False
S0044,1 quarter,2160.0,0.05,83756,0.14399999380111694,0.0,False
S0010,1 quarter,2160.0,0.01,78305,2.994999885559082,0.0,False
S0010,1 quarter,2160.0,0.03,78305,2.994999885559082,0.0,False
S0010,1 quarter,2160.0,0.05,78305,2.994999885559082,0.0,False
S0090,1 quarter,2160.0,0.01,83729,2.464000105857849,0.0,False
S0090,1 quarter,2160.0,0.03,83729,2.464000105857849,0.0,False
S0090,1 quarter,2160.0,0.05,83729,2.464000105857849,0.0,False
S0002,1 quarter,2160.0,0.01,78317,1.7689999621361494,0.0,False
S0002,1 quarter,2160.0,0.03,78317,1.7689999621361494,0.0,False
S0002,1 quarter,2160.0,0.05,78317,1.7689999621361494,0.0,False
S0020,1 quarter,2160.0,0.01,26337,2.3081999719142914,0.0,False
S0020,1 quarter,2160.0,0.03,26337,2.3081999719142914,0.0,False
S0020,1 quarter,2160.0,0.05,26337,2.3081999719142914,0.0,False
S0073,1 quarter,2160.0,0.01,84321,0.890999972820282,0.0,False
S0073,1 quarter,2160.0,0.03,84321,0.890999972820282,0.0,False
S0073,1 quarter,2160.0,0.05,84321,0.890999972820282,0.0,False
S0001,1 quarter,2160.0,0.01,78290,0.5068000555038452,0.0,False
S0001,1 quarter,2160.0,0.03,78290,0.5068000555038452,0.0,False
S0001,1 quarter,2160.0,0.05,78290,0.5068000555038452,0.0,False
S0077,1 quarter,2160.0,0.01,56652,2.3779999911785126,0.0,False
S0077,1 quarter,2160.0,0.03,56652,2.3779999911785126,0.0,False
S0077,1 quarter,2160.0,0.05,56652,2.3779999911785126,0.0,False
S0009,1 quarter,2160.0,0.01,78319,0.9149999842047691,0.0,False
S0009,1 quarter,2160.0,0.03,78319,0.9149999842047691,0.0,False
S0009,1 quarter,2160.0,0.05,78319,0.9149999842047691,0.0,False
S0097,1 quarter,2160.0,0.01,84040,2.761600114405155,0.0,False
S0097,1 quarter,2160.0,0.03,84040,2.761600114405155,0.0,False
S0097,1 quarter,2160.0,0.05,84040,2.761600114405155,0.0,False
S0057,1 quarter,2160.0,0.01,84323,3.277399931102991,0.0,False
S0057,1 quarter,2160.0,0.03,84323,3.277399931102991,0.0,False
S0057,1 quarter,2160.0,0.05,84323,3.277399931102991,0.0,False
S0113,1 quarter,2160.0,0.01,78314,1.7561999559402466,0.0,False
S0113,1 quarter,2160.0,0.03,78314,1.7561999559402466,0.0,False
S0113,1 quarter,2160.0,0.05,78314,1.7561999559402466,0.0,False
S0018,1 quarter,2160.0,0.01,83730,2.753599986433983,0.0,False
S0018,1 quarter,2160.0,0.03,83730,2.753599986433983,0.0,False
S0018,1 quarter,2160.0,0.05,83730,2.753599986433983,0.0,False
S0070,1 quarter,2160.0,0.01,83460,1.455399990081787,0.0,False
S0070,1 quarter,2160.0,0.03,83460,1.455399990081787,0.0,False
S0070,1 quarter,2160.0,0.05,83460,1.455399990081787,0.0,False
S0061,1 quarter,2160.0,0.01,83755,0.5364000797271729,0.0,False
S0061,1 quarter,2160.0,0.03,83755,0.5364000797271729,0.0,False
S0061,1 quarter,2160.0,0.05,83755,0.5364000797271729,0.0,False
S0007,1 quarter,2160.0,0.01,78319,0.9750001430511475,0.0,False
S0007,1 quarter,2160.0,0.03,78319,0.9750001430511475,0.0,False
S0007,1 quarter,2160.0,0.05,78319,0.9750001430511475,0.0,False
S0101,1 quarter,2160.0,0.01,84323,2.085200071334839,0.0,False
S0101,1 quarter,2160.0,0.03,84323,2.085200071334839,0.0,False
S0101,1 quarter,2160.0,0.05,84323,2.085200071334839,0.0,False
S0066,1 quarter,2160.0,0.01,83876,2.663199931383133,0.0,False
S0066,1 quarter,2160.0,0.03,83876,2.663199931383133,0.0,False
S0066,1 quarter,2160.0,0.05,83876,2.663199931383133,0.0,False
S0098,1 quarter,2160.0,0.01,84281,2.283000022172928,0.0,False
S0098,1 quarter,2160.0,0.03,84281,2.283000022172928,0.0,False
S0098,1 quarter,2160.0,0.05,84281,2.283000022172928,0.0,False
S0099,1 quarter,2160.0,0.01,84122,2.0121999382972717,0.0,False
S0099,1 quarter,2160.0,0.03,84122,2.0121999382972717,0.0,False
S0099,1 quarter,2160.0,0.05,84122,2.0121999382972717,0.0,False
S0017,1 quarter,2160.0,0.01,83907,0.9914000406861305,0.0,False
S0017,1 quarter,2160.0,0.03,83907,0.9914000406861305,0.0,False
S0017,1 quarter,2160.0,0.05,83907,0.9914000406861305,0.0,False
S0004,1 quarter,2160.0,0.01,78337,2.458000063896179,0.0,False
S0004,1 quarter,2160.0,0.03,78337,2.458000063896179,0.0,False
S0004,1 quarter,2160.0,0.05,78337,2.458000063896179,0.0,False
S0094,1 quarter,2160.0,0.01,70269,1.3429999351501465,0.0,False
S0094,1 quarter,2160.0,0.03,70269,1.3429999351501465,0.0,False
S0094,1 quarter,2160.0,0.05,70269,1.3429999351501465,0.0,False
S0011,1 quarter,2160.0,0.01,78318,0.8339999914169312,0.0,False
S0011,1 quarter,2160.0,0.03,78318,0.8339999914169312,0.0,False
S0011,1 quarter,2160.0,0.05,78318,0.8339999914169312,0.0,False
S0027,1 quarter,2160.0,0.01,84258,0.5360000152140856,0.0,False
S0027,1 quarter,2160.0,0.03,84258,0.5360000152140856,0.0,False
S0027,1 quarter,2160.0,0.05,84258,0.5360000152140856,0.0,False
S0088,1 quarter,2160.0,0.01,47794,1.9143999814987183,0.0,False
S0088,1 quarter,2160.0,0.03,47794,1.9143999814987183,0.0,False
S0088,1 quarter,2160.0,0.05,47794,1.9143999814987183,0.0,False
S0016,1 quarter,2160.0,0.01,83656,0.9817999601364136,0.0,False
S0016,1 quarter,2160.0,0.03,83656,0.9817999601364136,0.0,False
S0016,1 quarter,2160.0,0.05,83656,0.9817999601364136,0.0,False
S0028,1 quarter,2160.0,0.01,59376,2.4372000694274902,0.0,False
S0028,1 quarter,2160.0,0.03,59376,2.4372000694274902,0.0,False
S0028,1 quarter,2160.0,0.05,59376,2.4372000694274902,0.0,False
S0033,1 quarter,2160.0,0.01,83988,3.1683998107910156,0.0,False
S0033,1 quarter,2160.0,0.03,83988,3.1683998107910156,0.0,False
S0033,1 quarter,2160.0,0.05,83988,3.1683998107910156,0.0,False
S0083,1 quarter,2160.0,0.01,83984,0.15139999985694885,0.0,False
S0083,1 quarter,2160.0,0.03,83984,0.15139999985694885,0.0,False
S0083,1 quarter,2160.0,0.05,83984,0.15139999985694885,0.0,False
S0003,1 quarter,2160.0,0.01,78325,0.07799999974668026,0.0,False
S0003,1 quarter,2160.0,0.03,78325,0.07799999974668026,0.0,False
S0003,1 quarter,2160.0,0.05,78325,0.07799999974668026,0.0,False
